Topic NO;NO Docs;Keywords
190;1147;['potti', 'dada', 'tattoo', 'dragon', 'rat', 'valentino', 'goat', 'antonia', 'throne', 'koosha']
89;869;['sock', 'bbc', 'parent', 'homer', 'harari', 'contrail', 'doomerang', 'tran', 'ttip', 'kenzo']
77;471;['curfew', 'bundi', 'uae', 'ghomeshi', 'wolverin', 'ratner', 'fujimori', 'freita', 'bah√°‚Äô√≠', 'lupidi']
173;355;['perez', 'snowden', 'palmer', 'siem', 'cornish', 'eleph', 'mcilroy', 'church', 'eavi', 'librari']
114;339;['fundrais', 'apprenticeship', 'tyre', 'prison', 'fundrais', 'disabl', 'homeless', 'disabl', 'humanitarian', 'dementia']
215;325;['vegan', 'wednesday', 'wednesday', 'tuesday', 'monday', 'thursday', 'huel', 'alix', 'chat', 'tip']
59;315;['kooiman', 'schipper', 'pite', 'knox', 'itoj', 'curri', 'warnock', 'raptor', 'ebner', 'arteta']
11;313;['g', 'season', 'ranieri', 'pellegrini', 'bt', 'koeman', 'snodgrass', 'sturridg', 'preseason', 'xia']
216;277;['invoic', 'bauer', 'ufc', 'soundcloud', 'ranger', 'barclay', 'duracel', 'verizon', 'cocoa', 'gannett']
24;249;['mdb', 'saudi', 'talktalk', 'discharg', '7eleven', 'sharia', 'csiro', 'saudi', 'glyphos', 'salmon']
99;192;['mnuchin', 'rubio', 'sarandon', 'pac', 'meme', 'rubio', 'rubio', 'adelson', 'biden', 'coloradocar']
118;188;['churchil', 'rotherham', 'ehic', 'ttip', 'eu', 'irish', 'tax', 'eu', 'imf', 'eu']
192;185;['barrow', 'sunscreen', 'thorp', 'ratner', 'mcdowel', 'hodgkin', 'fisk', 'grotto', 'prometheu', 'binchi']
202;172;['crm', 'emoji', 'cv', 'data', 'adblock', 'quantum', 'plastic', 'tampon', 'export', 'morag']
181;161;['aquajog', 'tyre', 'nevi', 'sleepwalk', 'lung', 'andsn', 'fashion', 'widn', 'gayl', 'pepe']
170;153;['thiel', 'warcraft', 'toy', 'tubman', 'kwouk', 'halloween', 'hathaway', 'vikand', 'kwouk', 'comic']
52;138;['pcc', 'plaid', 'plaid', 'scottish', 'labour', 'ree', 'labour', 'mp', 'labour', 'zane']
160;135;['hs2', 'hyperloop', 'hyperloop', 'yerevan', 'flint', 'corbi', 'rawabi', 'cheonggyecheon', 'frack', 'cancer']
29;119;['temperley', 'etherton', 'ned', 'crossword', 'penn', 'laker', 'peston', 'celtic', 'atp', 'chayka']
55;118;['hertz', 'bbc', 'hertz', 'bbc', 'bbc', 'bbc', 'bbc', 'birmingham', 'patten', 'bbc']
22;109;['shorten', 'bishop', 'plebiscit', 'sufi', 'xenophon', 'turnbul', 'turnbul', 'labor', 'shorten', 'bandt']
107;106;['librari', 'bee', 'journalist', 'ldc', 'prison', 'neet', 'wage', 'legrain', 'inflat', 'popul']
164;98;['gchq', 'baidu', 'abc', 'lyst', 'app', 'mm', 'instagram', 'mulkentin', 'm√∏ller', 'browser']
21;97;['rhino', 'agedcar', 'reef', 'nh', 'singlepay', 'emiss', 'patholog', 'ato', 'subsidi', 'tax']
123;86;['leasehold', 'homeless', 'shoe', 'cashback', 'talktalk', 'tfl', 'librari', 'rent', 'goldcar', 'council']
128;78;['mathew', 'compton', 'shanaka', 'bairstow', 'panesar', 'wicket', 'wicket', 'cook', 'sangakkara', 'grave']
109;75;['gal√°', 'trubridg', 'nao‚Äô', 'rage', 'faustu', 'sevdah', 'track', 'metheni', 'neset', 'song']
178;72;['antibiot', 'oxygen', 'mayweath', 'fistula', 'baka', 'mbsr', 'diabet', 'vertigo', 'transplant', 'potato']
185;70;['noseband', 'frederik', 'fallon', 'nyquist', 'comet', 'allweath', 'gosden', 'payn', 'derbi', 'derbi']
75;68;['falafel', 'miso', 'recip', 'egg', 'pectin', 'pastri', 'macaroni', 'cake', 'thai', 'vegan']
50;65;['dogwhistl', 'enrol', 'poll', 'muslim', 'khan', 'muslim', 'vote', 'zylinski', 'ree', 'goldsmith']
182;64;['patten', 'fgm', 'trudeau', 'trudeau', 'chilcot', 'ttip', 'eagl', 'outer', 'kendal', 'renegoti']
205;56;['tobacco', 'acidif', 'tobacco', 'frisbi', '400ppm', 'exxon', 'adblock', 'standardis', 'tobacco', 'co2']
23;55;['tuesday', 'cincinnati', 'bayern', 'leagu', 'sullivan', 'leicest', 'leagu', 'yarmolenko', 'leagu', 'stadium']
62;48;['award', 'koalapak', 'roasteri', 'piano', 'prize', 'runner', 'gnm', 'tash', 'longleat', 'prize']
134;45;['embryo', 'abort', 'abort', 'interpret', 'abort', 'abort', 'patel', 'abort', 'abort', 'ilga']
76;42;['garvi', 'alfi', 'dard', 'loney', 'hazel', 'ackermann', 'trina', 'pellinor', 'fiction', 'sacha']
150;42;['coral', 'reef', 'batteri', 'reef', 'solar', 'energi', 'lithium', 'renew', 'reef', 'messel']
161;42;['turmer', 'probiot', 'food', 'ipod', 'toilet', 'coffe', 'food', 'crossword', 'plastic', 'vegan']
186;41;['mesonero', 'gold', 'museum', 'neanderth', 'cave', 'museum', 'johan', 'kahn‚Äô', 'comput', 'moggridg']
66;37;['wednesday', 'wednesday', 'tenni', 'djokov', 'beden', 'murray', 'murray', 'djokov', 'roger', 'player']
125;37;['pension', 'dolphin', 'bh', 'bh', 'bh', 'bh', 'bh', 'bight', 'bh', 'pension']
139;37;['drone', 'mh370', 'guam', 'moroccan', 'rescreen', 'egyptian', 'passeng', 'helicopt', 'naukrati', 'crew']
211;34;['orgreav', 'db', 'junior', 'junior', 'orgreav', 'junior', 'junior', 'junior', 'fa', 'junior']
212;33;['lamprey', 'whale', 'leopard', 'whale', 'crocodil', 'mic', 'chimpanze', 'speci', 'liberia', 'tachai']
116;32;['mustonen', 'improvis', 'berg', 'tiersen', 'levit', 'bohren', 'bach', 'berg‚Äô', 'festiv', 'piau']
201;32;['borer', 'tree', 'ash', 'ash', 'ash', 'forest', 'bycatch', 'bia≈Çowie≈ºa', 'tuna', 'tree']
102;31;['hyman', 'unrwa', 'nurofen', 'school', 'school', 'aurukun', 'nash', 'school', 'riddel', 'saudi']
39;29;['pollut', 'eastbourn', 'pollut', 'pollut', 'diesel', 'pollut', 'pollut', 'pollut', 'pollut', 'pollut']
177;29;['cassowari', 'snitti', 'bear', 'iceland', 'vang', 'vieng', 'mcmurray', 'mcmurray', 'volcano', 'fort']
69;28;['miso', 'caramelis', 'raspberri', '‚Äòfeast‚Äô', '‚Äòbloom‚Äô', '‚Äòacrobatic‚Äô', '‚Äòbold‚Äô', 'referendum', 'guardianwit', 'review']
6;26;['steel', 'tata', 'tata', 'steel', 'steel', 'darayya', 'tata', 'subsidi', 'steel', 'steel']
36;26;['ttip', 'ceta', 'yƒ±ldƒ±rƒ±m', 'pannella', 'papua', 'gael', 'zuma', 'speech', 'inquest', 'pbp']
48;24;['p√©ladeau', 'butler', 'butler', 'arpaio', 'butler', 'eubank', 'butler', 'harper', 'hellerstein', 'butler']
221;24;['therapist', 'suicid', 'mental', 'mental', 'mental', 'mental', 'mental', 'mental', 'poison', 'health']
34;23;['bt', 'window', 'encrypt', 'window', 'window', 'tablet', 'v8', 'router', 'encrypt', 'app']
12;22;['ridsdal', 'refuge', 'displac', 'traffick', 'traffick', 'abus', 'refuge', 'refuge', 'dadaab', 'children']
3;21;['cannabi', 'prison', 'drug', 'marijuana', 'drug', 'cannabi', 'zee', 'mamamia', 'marijuana', 'moberg']
17;20;['ucu', 'univers', 'engin', 'graduat', 'tuition', 'extern', 'student', 'tsai', 'universityprofessor', 'degre']
64;20;['tax', 'cornish', 'tax', 'tax', 'tax', 'deficit', 'inflat', 'rate', 'tax', 'pefo']
206;20;['gun', 'gun', 'gun', 'gun', 'shoot', 'gun', 'bhramarpura', 'biden', 'shoot', 'lightn']
9;19;['tamkeen', 'isi', 'haram', 'boko', 'libya', 'isi', 'falluja', 'libyan', 'wahib', 'assad']
18;19;['fp√∂', 'hofer', 'bellen', 'uktv', 'hofer', 'bellen', 'ufc', 'der', 'fp√∂', 'der']
127;19;['aug', 'aug', 'aug', 'knee', 'knee', 'tottenham', 'r3', 'aug', 'knee', 'knee']
197;19;['prison', 'prison', 'prison', 'prison', 'prison', 'prison', 'prison', 'prison', 'prison', 'kennet']
112;18;['rosberg', 'mercuri', 'gibson', 'rosberg', 'verstappen', 'rosberg', 'guardianwit', 'hamilton', 'stalin', 'monaco']
132;18;['hatoum', 'binney', 'flemish', 'leicest', 'wood', 'charli', 'thai', 'golf', 'festivald', 'festiv']
35;17;['cat', 'nh', 'pharmacist', 'koolmatri', 'lgbtqi', 'patient', 'discharg', 'nh', 'wolfgould', 'patient']
72;17;['shkreli', 'garden', 'ioc', 'diack', 'diack', 'reedi', 'athlet', 'athlet', 'olymp', 'athlet']
119;17;['hiroshima', 'vietnam', 'nuclear', 'china', 'nuclear', 'vietnam', 'hong', 'hiroshima', 'nuclear', 'korean']
209;17;['vieira', 'fc', 'bbc', 'nycfc', 'raid', 'patten', 'bbc', 'vieira‚Äô', 'bbc', 'brampton']
60;16;['pel√©', 'kendal', 'embryo', 'fertil', 'ivf', 'nargund', 'k√∂hler', 'blyton', 'manchest', 'kaur']
151;16;['garden', 'garden', 'garden', 'garden', 'garden', 'meadow', 'garden', 'norwood', 'garden', 'beetl']
171;16;['mansoor', 'bha', 'bha', 'bha', 'bha', 'lohn', 'mansoor', 'mansoor', 'bha', 'iran']
200;16;['spotifi', 'spotifi', 'appl', 'youtub', 'station', 'radiohead', 'metro', 'radiohead', 'witch', 'radiohead']
217;16;['mortgag', 'mortgag', 'mortgag', 'loan', 'mortgag', 'crowther', 'interestonli', 'mortgag', 'expat', 'loan']
140;15;['gingham', 'diamond', 'jacket', 'civanto', 'petit', 'shirt', 'dress', 'petit', 'crop', 'blue']
157;15;['osbourn', 'micklethwait', 'rousseff', 'cunha', 'shed', 'rousseff', 'feliciano', 'presid', 'grillo', 'impeach']
203;15;['eurovis', 'eurovis', 'eurovis', 'eurovis', 'eurovis', 'attenborough', 'eurovis', 'eurovis', 'eurovis', 'wingham']
13;14;['kramnik', 'evan', 'evan', 'evan', 'evan', 'clarkson', 'trailer', 'leblanc', 'clarkson', 'gear']
1;13;['sulli', 'badreddin', 'chibok', 'badreddin', 'chibok', 'nkeki', 'badreddin', 'hezbollah', 'rescu', 'chibok']
44;13;['ivori', 'floral', 'dhl', 'leicest', 'leicest', 'leicest', 'predict', 'leicest', 'leicest', 'citi']
49;13;['emoji', 'bibleemoji', 'bibl', 'üòé', '9pm', 'deepcut', 'üòá', 'voight', '10pm', 'concerto']
56;13;['‚Ä¢', '‚Ä¢', 'tudor', '‚Ä¢', '‚Ä¢', '‚Ä¢', 'survivor', 'holocaust', 'canada', 'welsh']
98;13;['binoch', 'dir', 'allen', 'joke', 'stewart', 'allen', 'stewart', 'stewart', 'allen', 'joke']
165;13;['greec', 'debt', 'debt', 'tax', 'greek', 'bailout', 'abv', 'greec', 'debt', 'creditor']
198;13;['pole', 'qn', 'olymp', 'sayer', 'shields‚Äô', 'palmer', 'adlington', 'varnish', 'olymp', 'ujah']
207;13;['healthcar', 'film', 'storrar', 'storrar', 'women', 'polic', 'profession', 'film', 'wage', 'discrimin']
37;12;['bitcoin', 'bitcoin', 'bitcoin', 'vesuviu', 'zapata', 'wright', 'wright', 'bitcoin', 'bitcoin', 'bitcoin']
159;12;['nsi', 'contactless', 'pension', 'bank', 'switch', 'bank', 'bank', 'bank', 'bank', 'overdraft']
30;11;['guardianteach', 'dot', 'test', 'test', 'cent', 'dot', 'line', 'exam', 'ipart', 'hexagon']
81;11;['injunct', 'desert', 'insect', 'privaci', 'injunct', 'injunct', 'butterfli', 'trip', 'arthropod', '1418']
86;11;['seat', 'kay', 'prefer', 'fierravantiwel', 'nxt', 'liber', 'green', 'green', 'seat', 'canning']
87;11;['sugar', 'guarani', 'nayfack', 'lieberman', 'transgend', 'transgend', 'gopstein', 'transgend', 'lehava', 'student']
93;11;['maduro', 'mujica', 'maduro', 'maduro', 'maduro', 'caraca', 'maduro', 'maduro', 'venezuela‚Äô', 'maduro']
168;11;['spider', 'est', 'triniti', 'zo√´', 'mirror', 'illustr', 'mirror', 'trainor', 'trainor', 'triniti']
223;11;['anag', 'religion', 'anag', 'anag', 'zen', 'anag', 'rev', 'def', 'def', 'anag']
38;10;['tebow', 'tebow', 'moss', 'dryfarm', 'flower', 'l', 'gase', 'abel', 'minicamp', 'pick']
61;10;['climber', 'climber', 'hostelworld', 'mcilroy', 'climber', 'altidor', 'everest', 'everest', 'assassin‚Äô', 'hostel']
145;10;['asteroid', 'mar', 'pluto', 'planet', 'spacex', 'planet', 'krispi', 'mercuri', 'mercuri', 'planet']
199;10;['refuge', 'refuge', 'island', 'dutton', 'dutton', 'norfolk', 'dutton', 'refuge', '3', 'refuge']
20;9;['rr', 'playlist', 'rr', 'spi', 'playlist', 'rr', 'playlist', 'rr', 'playlist', 'playlist']
41;9;['iran', 'oedip', 'ballet', 'modi', 'opera', 'venabl', 'wigmor', 'tue', 'kane', 'tue']
80;9;['nu', 'ga', 'payday', 'googl', 'uganda', 'dairi', 'farmer', 'trust', 'nec', 'scott']
220;9;['point', 'menabrea', 'fashion', '10am11am', 'pure', 'knowadd', 'alwaysadd', 'sometimesadd', 'neveradd', 'pure']
8;8;['orangutan', 'site', 'xmen', 'nyaru', 'site', 'bukit', 'preview', 'site', 'site', 'apocalyps']
16;8;['ticket', 'soundcloud', 'ticket', 'ticket', 'ticket', 'allnba', 'tout', 'ljung', 'tout', 'tout']
32;8;['frack', 'pay', 'women', 'wip', 'women', 'gap', 'frack', 'men', 'women', 'greenham']
73;8;['alic', 'warrior', 'thunder', 'bike', 'alic', 'curri', 'bogut', 'bike', 'oklahoma', 'warrior']
156;8;['ninagawa', 'shakespear', 'henri', 'theatr', 'hove', 'shakespear', 'folio', 'curtain', 'iii', 'vi']
213;8;['isi', 'demb√©l√©', 'chelsea', 'pochettino', 'chelsea', 'tottenham', 'f√†brega', 'pochettino', 'pochettino', 'demb√©l√©']
90;7;['wingfieldhay', 'eln', 'kit', 'pyongyang', 'congress', 'kim', 'polic', 'meow', 'palencia', 'korea']
101;7;['carr√©', 'wine', 'abv', 'sampler', 'dutert', 'sauvignon', 'min', 'le', 'poe', 'wine']
131;7;['osprey', 'beaumont', 'jone', 'rugby‚Äô', 'wray', 'rk', 'england', 'scarlet', 'worcest', 'cockeril']
133;7;['guzm√°n', 'pri', 'ju√°rez', 'guzm√°n', 'guzm√°n', 'guzm√°n', 'vineyard', 'guzm√°n‚Äô', 'extradit', 'ciudad']
148;7;['plant', 'european', 'librari', 'ebay', 'speci', 'letter', 'speci', 'trillion', 'ebay', 'netflix']
158;7;['yay', 'troon', 'muirfield', 'golf', 'faust', 'friday', 'muirfield', 'muirfield', 'muirfield', 'comment']
196;7;['tidal', 'weeknd', 'lemonad', '83', '83', '83', '83', 'stream', 'tidal‚Äô', 'grey']
108;6;['plum‚Äô', 'gut', 'cowen', 'edgeland', 'intestin', 'munch‚Äô', 'citystate‚Äô', 'alicia', 'dietland', 'munch']
129;6;['necklac', 'gdnchildrensbk', 'darfur', 'articl', 'ya', 'nyala', '18', 'otash', 'leicest', 'cb']
152;6;['skin', 'polar', 'uber', 'ice', 'ice', 'starbuck', 'driver', 'uber', 'bear', 'driver']
174;6;['tuesday', 'bbc', 'bbc', 'recip', 'bbc', 'food', 'recip', 'recip', 'onlin', 'news']
179;6;['turkey', 'smuggler', 'visafre', 'passport', 'darch', 'turkey', 'refuge', 'smuggl', 'turkish', 'eu']
224;6;['humanitarian', 'sdg', 'aid', 'humanitarian', 'sdg', 'trillion', 'humanitarian', 'summit', 'aid', 'intern']
54;5;['vegan', 'vegan', 'schmidt', 'marshmallow', 'boomf', 'engelhart', 'android', 'iphon', 'vegan', 'blackberri']
63;5;['revolut', 'antisemit', 'committe', 'livingston', 'antisemit', 'mao', 'omrlp', 'mccluskey', 'cultur', 'shah']
70;5;['viewer', 'viewer', 'viewer', 'peston', 'million', 'viewer', 'eurovis', 'million', '10am', 'viewer']
106;5;['cartoon', 'moon', 'rodchenkov', 'dog', 'tommi', 'peaki', 'meldonium', 'blinder', 'sharapova', 'obamka']
126;5;['uc', 'crabb', 'crabb', 'uc', 'claimant', 'sanction', 'pension', 'sanction', 'claimant', 'inwork']
138;5;['fiver', 'nobl', 'fiver', 'xhaka', 'wallchart', 'letter', '‚Ñ¢', 'fiver', 'ruud', 'manchest']
154;5;['violetta', 'film', 'band', 'traviata', 'trainor‚Äô', 'dga', 'meghan', 'trainor', 'rabbi', 'list']
176;5;['masturb', '3x3', '3x3', '3x3', '3x3', 'grid', 'grid', 'grid', 'grid', 'puzzl']
184;5;['friday', 'friday', 'friday', 'warwick', 'it‚Äô', 'it‚Äô', 'it‚Äô', 'threepenni', 'brecht', 'louch']
188;5;['art', 'yosemit', 'watkin', 'art', 'watkins‚Äô', 'parti', 'australia', 'theatr', 'council', 'fund']
218;5;['edf', 'hinkley', 'edf', 'edf', 'edf', 'reactor', 'hinkley', 'hinkley', 'edf', 'hinkley']
26;4;['fawcettflatsfriday', 'shoe', 'heel', 'heel', 'flat', 'thorp', 'wear', 'white', '13', 'petit']
43;4;['skepta', 'dunham', 'grime', 'england', 'lenni', 'song', 'coyot', 'l√≥pez', 'konnichiwa', 'lena']
68;4;['wine', 'pieropan', 'soav', 'wine', 'tuareg', 'wine', 'kel', 'assyrtiko', 'calvarino', 'bottl']
94;4;['holiday', 'bank', 'monday', 'gear', 'neg', 'holiday', 'neg', 'gear', 'symond', 'it‚Äô']
103;4;['arcangel', 'dvo≈ô√°k‚Äô', 'dvo≈ô√°k', 'songlin', 'mundin', 'indigen', 'lisson', 'opera', 'wagstaff', 'sydney']
193;4;['citi', 'citi', 'berkowitz', 'laport', 'bilbao', 'athlet', 'cro', 'arup', 'resili', 'concepci√≥n']
19;3;['alarmist', 'vs', 'marijuana', 'potato', 'ian', 'climat', 'chianti', 'cannabi', 'endocannabinoid', 'collin']
25;3;['falluja', 'isi', 'iraqi', 'mosul', 'isi', 'makhmour', 'offens', 'iraqi', 'aleppo', 'kurdish']
28;3;['redston', 'redston', 'herzer', 'dauman', 'viacom', 'redston', 'sumner', 'redstone‚Äô', 'herzer', 'redstone‚Äô']
33;3;['bostridg', 'mavra', 'noce', 'renard', 'zender', 'winterreis', 'aldeburgh', 'stravinski', 'serenad', 'clayton']
45;3;['kroto', 'jaap', 'carbon', 'emmi', 'vlaardingen', 'atom', 'chemistri', 'lucassen', 'genn', 'jaap‚Äô']
53;3;['baupin', 'sexism', 'alleg', 'harass', 'cavalleria', 'rusticana', 'mascagni', 'french', 'women', 'camilla']
74;3;['polic', 'polic', 'polic', 'ferguson', 'homicid', 'crime', 'increas', 'louisiana', 'black', 'toomey']
96;3;['finch', 'ship', 'cruis', 'glow', 'foundat', 'vivian', 'portland', 'cdc', 'book', 'schwarz']
104;3;['fine', 'chianti', 'cyclist', 'ride', 'train', 'overnight', 'servic', 'giro', 'sixtyon', 'ride']
120;3;['grizzli', 'peni', 'yellowston', 'transplant', 'bear', 'rosthwait', 'herdwick', 'ewe', 'man', 'donor']
141;3;['douro', 'vuitton', 'bb', 'ghesqui√®r', 'quinta', '351', 'loui', '51', 'wine', 'breakfast']
146;3;['thursday', 'thursday', 'thursday', 'it‚Äô', 'it‚Äô', 'it‚Äô', 'ü§ï', 'galliv', 'galloway', 'gallow']
155;3;['harbin', 'saracen', 'exet', 'farrel', 'harbin‚Äô', 'slade', 'spring', 'farrel', 'steenson', 'barritt']
195;3;['monday', 'salmon', 'dandruff', 'it‚Äô', 'scalp', 'propionibacterium', 'staphylococcu', 'algal', 'zhang', 'chilo√©']
214;3;['bmx', 'mirra', 'marcella‚Äô', 'killer', 'mirra‚Äô', 'marcella', 'cte', 'henri', 'brain', 'copycat']
219;3;['aeb', 'insur', 'samuelsson', 'car', 'car', 'car', 'insur', 'insur', 'selfdriv', 'driver']
225;3;['prison', 'islam', 'isol', 'openneck', 'counterextrem', 'tie', 'peston‚Äô', 'shirt', 'sebagmontefior', 'solitari']
2;2;['fienn', 'liddel', 'chariot', 'lout', 'dumont‚Äô', 'l‚Äôhumanit√©', 'comedi', 'ma', 'brunitedeschi', 'peteghem']
7;2;['mourinho', 'ibrahimov', 'bayern', 'zlatan', 'manchest', 'borussia', 'unit', 'guirassi', 'henrikh', 'auzerr']
15;2;['pedestrian', 'patent', 'vehicl', 'selfdriv', '‚Ä¢', 'adhes', 'car', 'tyne', 'turkey‚Äô', 'googl']
47;2;['password', '26', 'dispatch', '2016', 'gdnsocialcar', 'dispatches‚Äî', 'sw', 'hacker', 'crack', 'social']
58;2;['clue', 'bristol', '‚Ä¢', 'puzzl', 'synonym', 'ree', 't', 'frack', 'norfolk', 'cryptic']
71;2;['harass', 'hemenway', 'wentworth', 'harass', 'train', 'sexual', 'berkeley', 'uc', 'edelman', 'berkeley']
83;2;['kouyat', 'driscol', 'kora', 'gaelic', 'sekou', 'kora', 'ciss√©t√†ladh', 'mansani', 'dhol', 'balafon']
85;2;['skrillex', 'dienel', 'bieber', 'bieber', 'skrillex', 'tmz', 'sorri', 'dienel', 'spotifi', 'bell']
91;2;['j', 'longboard', 'tweener', 'omnishambl', 'trickster', 'warm', 'pointer', 'teamwork', 'm', 'pd']
95;2;['bianchi', 'pope', 'mcelwe', 'priest', 'deacon', 'deaco', 'church', 'ordain', 'women', 'poster']
105;2;['monster', 'clooney', 'o‚Äôconnel', 'gate', 'money', 'clooney', 'atsushi', 'nishijimaap', 'monster', 'robert']
115;2;['sonata', 'violin', 'tiberghien‚Äô', 'k481', 'dann', 'cabay', 'bolasi', 'aug', 'clasi', 'keyboard']
117;2;['harvey', 'nethsingha', 'music', 'john‚Äô', 'leipzig', 'choir', 'st', 'bach‚Äô', 'missa', 'tenburi']
143;2;['aap', 'xoyo', 'nast', 'nast‚Äô', 'rocky‚Äô', 'gee', 'bee', 'lord', 'mob', 'rocki']
149;2;['alcohol', 'drink', 'alcohol', 'men', 'health', 'drink', 'health', 'drinkawar', 'industryfund', 'men']
163;2;['monday', 'it‚Äô', 'elsa', 'giveelsaagirlfriend', 'frozen', 'disney', 'giveelsaagirlfriend‚Äî', '1', 'princess', '2016']
183;2;['radio', 'bauer', 'competit', 'orion', 'kerrang', 'midland', '‚Ä¢', 'sock', 'globalgmg', 'regul']
194;2;['willett', 'peri', 'mccarthi', 'labor', 'territori', 'nova', 'nt', 'wentworth', 'golf', 'northern']
204;2;['nepal', 'contracept', 'nanchang', 'plan', 'wed', 'kathmandu', 'famili', 'parti', 'constitut', 'communist']
222;2;['mariana', 'trench', 'kittiwak', 'nest', 'okeano', 'noaa', 'seabird', 'kelley', 'deepsea', 'egg']
4;1;['minecraft', 'minigam', '4j', 'xbox', 'map', 'potion', 'battl', 'walkway', 'playstat', 'player']
31;1;['mezcal', 'partida', 'agav', 'tequila', 'liquor', '‚Äúmezcal‚Äù', 'mezcalero', 'flavor', 'produc', 'mexico‚Äô']
42;1;['ladyboy', 'rattanarak', 'thailand', 'thai', 'syre', 'cabaret', 'superstar', 'transgender', 'perform', 'say']
51;1;['arch', 'oak', 'slave', 'vale11', 'die12', 'girlswhat', 'bill6', 'cap2', 'manzanilla', 'hojiblanca']
57;1;['wodehous', 'rothschild', 'bolling', 'prize', 'pg', 'everyman', 'gruntled‚Äù', 'wooster', 'novel', 'novelist']
122;1;['godier‚Äô', '‚Äúcast', 'page', 'g2', '‚Ä¢', 'error', 'sheppard‚Äô', 'follower‚Äô', 'misattribut', '‚Äòcast']
130;1;['chanel', 'lagerfeld', 'cuba', 'cuban', 'fashion', 'bundchen', 'karl', 'paradi', 'beret', 'diss']
136;1;['natal', 'albanes', 'di', 'casey', 'green', 'grayndler', 'seat', 'petersham', 'farrellpf', 'campaign']
137;1;['seafood', 'certifi', 'fish', 'certif', 'sustain', 'aquacultur', 'stewardship', 'msc', 'develop', 'market']
144;1;['dr', 'professor', 'andrew', 'smith', 'simon', 'richard', 'ann', 'robert', 'david', 'houlbrook']
153;1;['julian', 'podolski', 'kimmich', 'brandt', 'mario', 'joshua', 'reu', 'weigl', '27man', 'san√©']
162;1;['giraff', 'gene', 'giraffe‚Äô', 'cardiovascular', 'neck', 'okapi', 'caven', 'fgfrl1', 'genom', 'variat']
167;1;['cain', 'yusuf', 'festiv', 'parri', 'norfolk', 'symphoni', 'norwich', 'overscor', 'franck‚Äô', 'chausson‚Äô']
169;1;['motormouthmedia', 'band', 'sex', 'tape', 'video', 'porn', 'yacht', 'yacht‚Äô', 'goldberg', 'victim']
172;1;['cattl', 'ranch', 'bundi', 'bundy‚Äô', 'blm', 'livestock', 'graze', 'land', 'feder', 'cliven‚Äô']
175;1;['satie‚Äô', 'm√©lodi', 'hannigan', 'troi', 'sati', 'ultradri', 'reinbert', 'polignac', 'spacious', 'antisentiment']
189;1;['brenda', 'dogood', 'disobedi', 'penguin', 'dutton', 'civil', 'peter', 'oper', 'plan', 'galloway']
208;1;['‚Ä¢', '25', 'lawson', 'letter', 'dishevelmenthenri', 'presentersu', 'morrisonayr', 'wallacetham', 'himselfandrew', 'postprimeministeri']
