Modularity,M Size,Keywords,LCM,LCM Size,Sim
6,612,"['g', 'season', 'mourinho', 'warnock', 'arteta', 'ranieri', 'rodger', 'pochettino', 'thai', 'morri']",6,857,"['g', 'season', 'kooiman', 'temperley', 'pite', 'mourinho', 'knox', 'itoj', 'curri', 'warnock']",0.785680807447
170,494,"['fundrais', 'dr', 'fundrais', 'therapist', 'oxygen', 'discharg', 'anxieti', 'anxieti', 'diabet', 'suicid']",58,680,"['mdb', 'fundrais', 'apprenticeship', 'saudi', 'prison', 'prison', 'fundrais', 'snowden', 'prison', 'disabl']",0.243277072949
89,487,"['antonia', 'cv', 'disabl', 'talktalk', '7eleven', 'ucu', 'binoch', 'ldc', 'disabl', 'abort']",132,58,"['cannabi', 'binoch', 'prison', 'refn', 'farrow', 'drug', 'sarandon', 'prison', 'drug', 'cannabi']",0.166601748078
86,449,"['hs2', 'siem', 'tobacco', 'tobacco', 'tax', 'hs2', 'cocoa', 'depp', 'wage', 'tax']",99,263,"['homeless', 'palmer', 'sharia', 'refuge', 'tax', 'refuge', 'guthri', 'wage', 'agedcar', 'seat']",0.680949354708
218,442,"['churchil', 'ttip', 'ttip', 'sharia', 'export', 'ceta', 'enrol', 'rm', 'ehic', 'patten']",76,273,"['eavi', 'blair', 'rotherham', 'ehic', 'patten', 'displac', 'refuge', 'bower', 'ttip', 'ttip']",0.6621179745
11,396,"['homeless', 'mayweath', 'leasehold', 'muslim', 'council', 'homeless', 'parish', 'tfl', 'ricu', 'mosqu']",124,168,"['ree', 'pcc', 'antisemit', 'plaid', 'plaid', 'council', 'scottish', 'labour', 'livingston', 'devolut']",0.616445789389
207,376,"['soundcloud', 'wed', 'pite', 'lassnig', 'art', 'dane', 'festiv', 'eavi', 'franzen', 'ipod']",121,202,"['gal√°', 'spotifi', 'mustonen', 'punk', 'spotifi', 'skepta', 'prometheu', 'donen', 'andsn', 'ginsberg']",0.268511018887
96,318,"['mdb', 'pollut', 'coral', 'seafood', 'reef', 'batteri', 'belgrad', 'csiro', 'acidif', 'plastic']",90,232,"['hs2', 'reef', 'contrail', 'batteri', 'acidif', 'hyperloop', 'reef', 'flint', 'corbi', 'energi']",0.449161246325
81,313,"['tuesday', 'friday', 'friday', 'friday', 'wednesday', 'wednesday', 'wednesday', 'wednesday', 'tuesday', 'tuesday']",70,125,"['tyre', 'crm', 'cv', 'data', 'adblock', 'hyperloop', 'quantum', 'tampon', 'export', 'morag']",0.222446461233
97,298,"['mnuchin', 'perez', 'thiel', 'obituari', 'gun', 'gun', 'rubio', 'sarandon', 'pac', 'meme']",108,255,"['obituari', 'gun', 'rubio', 'sarandon', 'pac', 'ulay', 'meme', 'rubio', 'gold', 'rubio']",0.823469721297
216,275,"['librari', 'dragon', 'bee', 'tip', 'fawcettflatsfriday', 'cat', 'bangladesh', 'itch', 'heel', 'plot']",17,23,"['miso', 'caramelis', 'raspberri', '‚Äòfeast‚Äô', '‚Äòbloom‚Äô', '‚Äòacrobatic‚Äô', '‚Äòbold‚Äô', 'guardianwit', 'review', 'guardianwit']",0.289199522192
49,257,"['saudi', 'journalist', 'refuge', 'humanitarian', 'refuge', 'jacket', 'refuge', 'saudi', 'humanitarian', 'airdrop']",68,56,"['steel', 'airdrop', 'falluja', 'tamkeen', 'tata', 'tata', 'isi', 'steel', 'steel', 'darayya']",0.250069473393
172,253,"['tattoo', 'ridsdal', 'valentino', 'masturb', 'bundi', 'dog', 'porn', 'sulli', 'kincora', 'lyst']",13,458,"['ridsdal', 'curfew', 'bundi', 'uae', 'ghomeshi', 'wolverin', 'ratner', 'freita', 'bah√°‚Äô√≠', 'lupidi']",0.355461337537
178,245,"['password', 'snowden', 'abc', 'curri', 'raptor', 'warcraft', 'embarrass', 'guthri', 'spur', 'ling']",120,21,"['bt', 'window', 'window', 'window', 'tablet', 'v8', 'router', 'app', 'upgrad', 'tablet']",0.153355725749
191,200,"['cannabi', 'prison', 'prison', 'pel√©', 'antibiot', 'prison', 'prison', 'prison', 'prison', 'ratner']",132,58,"['cannabi', 'binoch', 'prison', 'refn', 'farrow', 'drug', 'sarandon', 'prison', 'drug', 'cannabi']",0.213549638904
83,178,"['parent', 'tran', 'nolan', 'hyman', 'unrwa', 'teacher', 'duckworth', 'guardianteach', 'breakfast', 'school']",34,9,"['nayfack', 'transgend', 'transgend', 'gopstein', 'transgend', 'lehava', 'student', 'transgend', 'carolina', 'transgend']",0.199875117066
36,160,"['bbc', 'bbc', 'bbc', 'bbc', 'recip', 'bbc', 'bbc', 'bbc', 'grundi', 'birmingham']",128,121,"['hertz', 'bbc', 'bbc', 'hertz', 'bbc', 'bbc', 'bbc', 'bbc', 'bbc', 'birmingham']",0.754634441631
164,141,"['pension', 'steel', 'pension', 'glyphos', 'bh', 'tata', 'bh', 'tata', 'asda', 'bh']",79,383,"['invoic', 'bauer', 'soundcloud', 'barclay', 'mortgag', 'tobacco', 'solar', 'poverti', 'mortgag', 'gannett']",0.421713139163
186,135,"['drone', 'mansoor', 'iceland', 'interpret', 'uber', 'hekmatyar', 'ev', 'rosberg', 'drone', 'uber']",72,70,"['wednesday', 'wednesday', 'wednesday', 'wednesday', 'djokov', 'rosberg', 'beden', 'mladenov', 'murray', 'mercuri']",0.226311579944
152,134,"['itoj', 'ebner', 'hayn', 'hayn', 'corbisiero', '‚Ä¢', 'widn', 'haggerti', 'mcshane', '‚Ä¢']",6,857,"['g', 'season', 'kooiman', 'temperley', 'pite', 'mourinho', 'knox', 'itoj', 'curri', 'warnock']",0.327551934464
215,132,"['hertz', 'bauer', 'hertz', 'eurovis', 'tudor', 'scilli', 'cunk', 'weinstein', 'deen', 'peston']",21,10,"['leblanc', 'cleese‚Äô', 'evan', 'evan', 'evan', 'pollardmansergh', 'evan', 'clarkson', 'clees', 'leblanc']",0.247716847153
194,114,"['schipper', 'diamond', 'hyperloop', 'knox', 'hyperloop', 'mcilroy', 'gasol', 'spieth', 'clara', 'pendleton']",78,23,"['schipper', 'mcilroy', 'gasol', 'pendleton', 'peati', 'johnsonthompson', 'olymp', 'sayer', 'shields‚Äô', 'adlington']",0.429641611775
125,110,"['mathew', 'gayl', 'gayl', 'compton', 'stoke', 'panesar', 'cemeteri', 'shanaka', 'cemeteri', 'bairstow']",16,90,"['mathew', 'gayl', 'compton', 'stoke', 'shanaka', 'bairstow', 'panesar', 'wicket', 'wicket', 'cook']",0.884433277428
76,104,"['vegan', 'vegan', 'vegan', 'turmer', 'embryo', 'miso', 'egg', 'skin', 'chees', 'pastri']",56,113,"['huel', 'falafel', 'garden', 'turmer', 'garden', 'garden', 'miso', 'recip', 'egg', 'food']",0.516573514663
92,102,"['barrow', 'langley', 'award', 'morag', 'noorjji', 'moya', 'salmon', 'angharad', 'koalapak', 'roasteri']",58,680,"['mdb', 'fundrais', 'apprenticeship', 'saudi', 'prison', 'prison', 'fundrais', 'snowden', 'prison', 'disabl']",0.250604804755
150,98,"['fallon', 'nyquist', 'allweath', 'gosden', 'payn', 'derbi', 'derbi', 'frankel', 'payn', 'ride']",31,65,"['noseband', 'fallon', 'nyquist', 'race', 'allweath', 'gosden', 'derbi', 'derbi', 'frankel', 'ride']",0.776822817101
160,96,"['garden', 'garden', 'garden', 'ranger', 'eleph', 'ivori', 'indigen', 'squirrel', 'plant', 'rhino']",45,2,"['ebay', 'speci', 'ebay', 'invas', 'speci', 'plant', 'plant', 'salvinia', 'amazon', 'seller']",0.144337567297
115,65,"['tsa', 'spider', 'hedg', 'mh370', 'flight', 'turtl', 'turtl', 'spider', 'chocolat', 'menzio']",35,30,"['mh370', 'guam', 'menzio', 'rescreen', 'egyptian', 'passeng', 'helicopt', 'passeng', 'egyptian', 'airport']",0.634075139121
117,55,"['apprenticeship', 'church', 'grotto', 'bt', 'archdioces', 'hitchen', 'bt', 'faith', 'priest', 'bond']",82,3,"['bianchi', 'church', 'pope', 'mcelwe', 'priest', 'deacon', 'deacon', 'deaco', 'church', 'ordain']",0.233549683248
118,53,"['tenni', 'djokov', 'beden', 'mauresmo', 'mladenov', 'murray', 'murray', 'murray', 'djokov', 'murray']",72,70,"['wednesday', 'wednesday', 'wednesday', 'wednesday', 'djokov', 'rosberg', 'beden', 'mladenov', 'murray', 'mercuri']",0.656709103303
168,50,"['wolverin', 'xmen', 'comic', 'helberg', 'florenc', 'preacher', 'superhero', 'dc', 'batman', 'pullman']",11,4,"['site', 'xmen', 'site', 'preview', 'site', 'site', 'apocalyps', 'aveng', 'florenc', 'preview']",0.282842712475
211,43,"['dada', 'poetri', 'poetri', 'greec', 'poem', 'plath‚Äô', 'debt', 'debt', 'biennal', 'duffi']",131,12,"['greec', 'debt', 'debt', 'tax', 'pitsiorla', 'bailout', 'greec', 'debt', 'creditor', 'greece‚Äô']",0.484247998479
161,28,"['debentur', 'ticket', 'ticket', 'crossword', 'resel', 'crossword', 'fashion', 'cryptic', 'crossword', 'ticket']",133,6,"['point', 'fashion', '10am11am', 'pure', 'knowadd', 'alwaysadd', 'sometimesadd', 'neveradd', 'pure', 'fashion']",0.308606699924
112,21,"['hutterit', 'fp√∂', 'hofer', 'bellen', 'hofer', 'hofer', 'bellen', 'der', 'fp√∂', 'der']",30,22,"['houghton', 'fp√∂', 'hofer', 'bellen', 'hofer', 'bellen', 'der', 'fp√∂', 'der', 'der']",0.930484210398
29,20,"['rawabi', 'netanyahu', 'palestinian', 'palestinian', 'lieberman', 'hinn', 'hama', 'palestinian', 'gaza', 'isra']",34,9,"['nayfack', 'transgend', 'transgend', 'gopstein', 'transgend', 'lehava', 'student', 'transgend', 'carolina', 'transgend']",0.07453559925
51,20,"['aug', 'aug', 'aug', 'knee', 'knee', 'tottenham', 'r3', 'dann', 'cabay', 'aug']",84,19,"['aug', 'aug', 'aug', 'knee', 'knee', 'tottenham', 'r3', 'aug', 'knee', 'knee']",0.974679434481
114,16,"['bitcoin', 'bitcoin', 'bitcoin', 'bitcoin', 'kabila', 'wright', 'spacey', 'wright', 'bitcoin', 'wright']",1,7,"['bitcoin', 'bitcoin', 'wright', 'wright', 'bitcoin', 'bitcoin', 'bitcoin', 'mascot', 'nakamoto', 'bitcoin']",0.566946709514
144,12,"['throne', 'jon', '‚Äúr', 'tyrel', 'j‚Äù', 'sansa', 'dani', 'jaim', 'hodor', 'lyanna']",87,805,"['gingham', 'necklac', 'dada', 'dragon', 'stubbl', 'homer', 'trevelyan', 'kenzo', 'frodo', 'wed']",0.0813956927556
80,11,"['chibok', 'chibok', 'haram', 'giwa', 'boko', 'nkeki', 'boko', 'haram', 'chibok', 'boko']",10,11,"['badreddin', 'chibok', 'badreddin', 'chibok', 'nkeki', 'badreddin', 'hezbollah', 'chibok', 'hezbollah', 'boko']",0.636363636364
44,8,"['ufc', 'mayweath', 'mcgregor', 'ufc', 'editor', 'mcgregor', 'mullin', 'ufc', 'ufc', 'editor']",81,76,"['antibiot', 'oxygen', 'mayweath', 'fistula', 'baka', 'mbsr', 'diabet', 'vertigo', 'transplant', 'mayweath']",0.0405553552827
57,8,"['3x3', '3x3', '3x3', '3x3', '83', '83', '83', '83', 'grid', 'grid']",0,4,"['3x3', '3x3', '3x3', '3x3', 'grid', 'grid', 'grid', 'grid', 'puzzl', 'puzzl']",0.707106781187
141,8,"['climb', 'climber', 'climber', 'coxsey', 'climber', 'everest', 'everest', 'everest', 'sherpa', 'climb']",9,4,"['climber', 'climber', 'climber', 'everest', 'everest', 'sherpa', 'sherpa', 'everest', 'arnold', 'summit']",0.707106781187
33,7,"['alicia', 'cum', 'celia', 'alicia', 'travi', 'madison', 'nick', 'alicia', 'zombi', 'travi']",87,805,"['gingham', 'necklac', 'dada', 'dragon', 'stubbl', 'homer', 'trevelyan', 'kenzo', 'frodo', 'wed']",0.0666074863029
142,7,"['bha', 'bha', 'bha', 'bha', 'lohn', 'bha', 'lohn', 'bha', 'bha', 'disciplinari']",12,18,"['bha', 'bha', 'bha', 'hekmatyar', 'bha', 'lohn', 'mansoor', 'mansoor', 'firoza', 'bha']",0.623609564462
155,7,"['harari', 'robot', 'robot', 'zora', 'robot', 'capit', 'deblieck', 'em', 'ubi', 'robot']",120,21,"['bt', 'window', 'window', 'window', 'tablet', 'v8', 'router', 'app', 'upgrad', 'tablet']",0.0824786098842
137,6,"['gustav', 'mattia', 'gustav', 'tremain', 'mattia', 'gustav', 'magnu', 'sofia', 'anton', 'verita']",87,805,"['gingham', 'necklac', 'dada', 'dragon', 'stubbl', 'homer', 'trevelyan', 'kenzo', 'frodo', 'wed']",0.0719443078836
176,6,"['dress', 'yellow', 'yellow', 'dress', 'azaelea', 'carpet', 'ball', 'umpir', 'ref', 'lawri']",6,857,"['g', 'season', 'kooiman', 'temperley', 'pite', 'mourinho', 'knox', 'itoj', 'curri', 'warnock']",0.0557819837946
55,5,"['anag', 'anag', 'anag', 'anag', 'def', 'def', 'anag', 'd', 'rev', 'meddlesom']",117,7,"['anag', 'religion', 'anag', 'anag', 'anag', 'def', 'def', 'anag', 'd', 'christian']",0.845154254729
68,5,"['princ', 'windsor', 'harri', 'hors', 'delud', 'kate', 'tesco', 'pippa', 'enfield', 'fool‚Äù']",104,76,"['gchq', 'lyst', 'app', 'instagram', 'mulkentin', 'm√∏ller', 'browser', 'tech', 'thiel', 'kadyrov']",0.0512989176043
223,5,"['ilga', 'lgbti', 'azerbaijan', 'lgbti', 'convict', 'intersex', 'lgbti', 'convict', 'expung', 'homosexu']",13,458,"['ridsdal', 'curfew', 'bundi', 'uae', 'ghomeshi', 'wolverin', 'ratner', 'freita', 'bah√°‚Äô√≠', 'lupidi']",0.0626907569293
2,4,"['adelaid', 'adelaid', 'flare', 'flare', 'aleagu', 'kamau', 'adelaid', 'wander', 'adelaide‚Äô', 'aleagu']",6,857,"['g', 'season', 'kooiman', 'temperley', 'pite', 'mourinho', 'knox', 'itoj', 'curri', 'warnock']",0.0512390239264
4,4,"['desnard', 'day‚Äô', 'you‚Äôv', 'rien', 'sue', 'desnard', 'job', 'bore', 'wa', '¬£280000']",73,711,"['vegan', 'potti', 'tattoo', 'alix', 'rat', 'valentino', 'chat', 'antonia', 'therapist', 'throne']",0.0562543950463
8,4,"['coloni', 'ship', 'ship', 'boston', 'lime', 'bagley', 'cook‚Äô', 'endeavour', 'archaeologist', 'build']",67,188,"['hatoum', 'barrow', 'thorp', 'mcdowel', 'hodgkin', 'fisk', 'grotto', 'kwouk', 'binchi', 'whicker']",0.0729324957489
39,4,"['whale', 'whale', 'whale', 'sperm', 'whale', 'kemper', 'sperm', 'anim', 'teeth', 'pygmi']",71,2,"['whale', 'whale', 'sperm', 'sperm', 'pygmi', 'dwarf', 'dwarf', 'beach', 'strand', 'rare']",0.707106781187
78,4,"['hut', 'cabin', 'hostel', 'whitstabl', 'oakley', 'cottag', 'hut', 'selfcat', 'sleep', 'lake']",39,30,"['lamprey', 'leopard', 'crocodil', 'mascara', 'aruba', 'abv', 'cleethorp', 'cabin', 'nile', 'crocodil']",0.182574185835
79,4,"['furi', 'tyson', 'furi', 'furi', 'furi', 'tyson', 'hi', 'heavyweight', 'klitschko', 'tyson']",87,805,"['gingham', 'necklac', 'dada', 'dragon', 'stubbl', 'homer', 'trevelyan', 'kenzo', 'frodo', 'wed']",0.0352453688425
84,4,"['marcella', 'marcella', 'cullen', 'marcella', 'marcella‚Äô', 'marcella‚Äô', 'henri', 'killer', 'marcella', 'jason']",87,805,"['gingham', 'necklac', 'dada', 'dragon', 'stubbl', 'homer', 'trevelyan', 'kenzo', 'frodo', 'wed']",0.070490737685
90,4,"['shriver', 'mandibl', 'mandibl', 'shriver', 'grandpa', 'mandibl', 'luella', 'florenc', 'shriver‚Äô', 'enola']",87,805,"['gingham', 'necklac', 'dada', 'dragon', 'stubbl', 'homer', 'trevelyan', 'kenzo', 'frodo', 'wed']",0.0352453688425
93,4,"['newman', 'newman', 'hannay', 'newman', 'bleiji', 'so15', 'bleiji', 'solicitor', 'newman', 'ccc']",13,458,"['ridsdal', 'curfew', 'bundi', 'uae', 'ghomeshi', 'wolverin', 'ratner', 'freita', 'bah√°‚Äô√≠', 'lupidi']",0.0934538627032
122,4,"['zo√´', 'charli', 'awkward', 'lizzi', 'abouthow', 'ryan', 'stephen', 'headstand', 'scott', 'wordsfunni']",97,171,"['pel√©', 'warcraft', 'toy', 'halloween', 'hathaway', 'lego', 'comic', 'wareheim', 'mcavoy', 'wright']",0.15294382258
123,4,"['constanc', 'wife', 'constanc', 'say', 'sisterinlaw', 'shorts‚Äù', 'say', 'say', 'say', 'digniti']",73,711,"['vegan', 'potti', 'tattoo', 'alix', 'rat', 'valentino', 'chat', 'antonia', 'therapist', 'throne']",0.0562543950463
124,4,"['2295', '2292', 'aze', '2293', 'postmark', 'aze', 'postmark', '2293', 'postmark', 'aze']",44,4,"['2295', '2292', 'aze', '2293', 'postmark', 'aze', 'postmark', '2293', 'postmark', 'aze']",1.0
139,4,"['emoji', 'emoji', 'emoji', 'emoji', 'bibleemoji', 'bibl', 'üòé', 'googl', 'unicod', 'sister']",87,805,"['gingham', 'necklac', 'dada', 'dragon', 'stubbl', 'homer', 'trevelyan', 'kenzo', 'frodo', 'wed']",0.0352453688425
148,4,"['ophelia', 'agamemnon', 'watt', 'ophelia', 'iphigenia', 'zimmer', 'charact', 'naomi', 'iphigenia', 'clytemnestra']",87,805,"['gingham', 'necklac', 'dada', 'dragon', 'stubbl', 'homer', 'trevelyan', 'kenzo', 'frodo', 'wed']",0.0528680532638
156,4,"['9pm', '9pm', 'biker', 'ethan', 'klan‚Äô', 'roanna', 'sampedro', '9pm', 'ilana', 'seri']",27,28,"['9pm', 'deepcut', 'cruickshank', '9pm', '9pm', 'stauffenberg', '9pm', '9pm', 'biker', 'howlett']",0.377964473009
157,4,"['kwouk', 'kwouk', 'asian', 'kwouk', 'takei', 'marvel', 'tibetan', 'tilda', 'cato', 'panther']",97,171,"['pel√©', 'warcraft', 'toy', 'halloween', 'hathaway', 'lego', 'comic', 'wareheim', 'mcavoy', 'wright']",0.0764719112902
158,4,"['maclennan', 'telegraph', 'tmg', 'telegraph', 'telegraph', 'staff', 'news', 'brook', 'tmg‚Äô', 'sherwel']",79,383,"['invoic', 'bauer', 'soundcloud', 'barclay', 'mortgag', 'tobacco', 'solar', 'poverti', 'mortgag', 'gannett']",0.0510976130308
159,4,"['pennebak', 'dylan', 'dylan', 'dylan', 'landi', 'dylan', 'taschen', 'kramercourtesi', 'film', 'woodstock']",67,188,"['hatoum', 'barrow', 'thorp', 'mcdowel', 'hodgkin', 'fisk', 'grotto', 'kwouk', 'binchi', 'whicker']",0.0364662478745
179,4,"['funniest', 'funniest', 'funniest', 'funniest', 'i‚Äôv', 'i‚Äôv', 'i‚Äôv', 'laugh', 'i‚Äôv', 'laugh']",73,711,"['vegan', 'potti', 'tattoo', 'alix', 'rat', 'valentino', 'chat', 'antonia', 'therapist', 'throne']",0.0750058600617
180,4,"['min', 'min', 'min', 'min', 'linklat', 'dog', 'aveng', 'anderson', 'bongsmok', 'handlebarmoustach']",97,171,"['pel√©', 'warcraft', 'toy', 'halloween', 'hathaway', 'lego', 'comic', 'wareheim', 'mcavoy', 'wright']",0.0764719112902
198,4,"['gome', 'arabian', 'gome', 'portrait', 'volum', 'portugal‚Äô', 'arabian', 'portugal‚Äô', 'gomes‚Äô', 'allegor']",87,805,"['gingham', 'necklac', 'dada', 'dragon', 'stubbl', 'homer', 'trevelyan', 'kenzo', 'frodo', 'wed']",0.0528680532638
224,4,"['uae', 'alaradi', 'uae', 'rainfal', 'mountain', 'uae', 'salim', 'ncar', 'alaradi', 'eldarat']",13,458,"['ridsdal', 'curfew', 'bundi', 'uae', 'ghomeshi', 'wolverin', 'ratner', 'freita', 'bah√°‚Äô√≠', 'lupidi']",0.0700903970274
225,4,"['namur', 'jellico', 'jutland', 'fleet', 'cornwel', 'ship', 'hm', 'dockyard', 'timber', 'jutland']",67,188,"['hatoum', 'barrow', 'thorp', 'mcdowel', 'hodgkin', 'fisk', 'grotto', 'kwouk', 'binchi', 'whicker']",0.109398743623
5,3,"['hatoum', 'hatoum', 'hatoum‚Äô', 'hatoum‚Äô', 'hatoum', 'mona', 'tate', 'mona', 'grater', 'mona']",67,188,"['hatoum', 'barrow', 'thorp', 'mcdowel', 'hodgkin', 'fisk', 'grotto', 'kwouk', 'binchi', 'whicker']",0.0421075960533
9,3,"['marseil', 'taro', 'barr√®', 'siri', 'franck', 'avail', 'episod', 'depardieu', 'avail', 'iplay']",97,171,"['pel√©', 'warcraft', 'toy', 'halloween', 'hathaway', 'lego', 'comic', 'wareheim', 'mcavoy', 'wright']",0.0441510785688
19,3,"['missoni', 'missoni', 'missoni', 'rosita', 'margherita', 'ottavio', 'ottavio', 'fashion', 'fashion', 'rosita']",87,805,"['gingham', 'necklac', 'dada', 'dragon', 'stubbl', 'homer', 'trevelyan', 'kenzo', 'frodo', 'wed']",0.0610467695667
26,3,"['bonnevil', 'bonnevil', 'bonnevil', 'ibsen‚Äô', 'gallagh', 'stockmann', 'stockmann‚Äô', 'amiabl', 'hugh', 'ibsen']",85,2,"['bonnevil', 'osborn', 'holyoak', 'gallagh', 'holyoake‚Äô', '‚Äúthou', 'hugh', 'downton', 'osborne‚Äô', 'editor']",0.408248290464
30,3,"['ekeng', 'ekeng', 'ribeiro', 'dinamo', 'djomnang', 'jet', 'cameroon', 'bucharest', 'cameroon', 'friburguens']",13,458,"['ridsdal', 'curfew', 'bundi', 'uae', 'ghomeshi', 'wolverin', 'ratner', 'freita', 'bah√°‚Äô√≠', 'lupidi']",0.0269778063943
37,3,"['hove', 'hove', 'wye', 'van', 'hove', 'barbican', 'heav', 'backstab', 'war', 'view‚Äù']",0,4,"['3x3', '3x3', '3x3', '3x3', 'grid', 'grid', 'grid', 'grid', 'puzzl', 'puzzl']",0.0
41,3,"['blacklist', 'mcalpin', 'blacklist', 'construct', 'kerr', 'blacklist', 'worker', 'cochran', 'apolog', 'mcalpin']",79,383,"['invoic', 'bauer', 'soundcloud', 'barclay', 'mortgag', 'tobacco', 'solar', 'poverti', 'mortgag', 'gannett']",0.0590024412765
43,3,"['th√©r√®se', 'murder', 'howel', 'itv', 'bradford', '‚Äústory‚Äù', 'haigh', 'famili', 'bradford‚Äô', 'murder']",13,458,"['ridsdal', 'curfew', 'bundi', 'uae', 'ghomeshi', 'wolverin', 'ratner', 'freita', 'bah√°‚Äô√≠', 'lupidi']",0.0269778063943
46,3,"['hind', 'dodgson', 'hind', 'dodgson', 'parvizi', 'deutsch', 'arcadia', 'khan', '‚Ä¢', 'trade']",79,383,"['invoic', 'bauer', 'soundcloud', 'barclay', 'mortgag', 'tobacco', 'solar', 'poverti', 'mortgag', 'gannett']",0.0885036619148
50,3,"['fisk', 'kverneland', 'munch', 'fisk', 'munch‚Äô', 'munch', 'hi', 'pp', 'children', 'ambiti']",67,188,"['hatoum', 'barrow', 'thorp', 'mcdowel', 'hodgkin', 'fisk', 'grotto', 'kwouk', 'binchi', 'whicker']",0.0421075960533
59,3,"['iggi', 'iggi', 'pop', 'pop', 'iggy‚Äô', 'homm', 'jarmusch', 'gim', 'iggi', 'martinez']",87,805,"['gingham', 'necklac', 'dada', 'dragon', 'stubbl', 'homer', 'trevelyan', 'kenzo', 'frodo', 'wed']",0.0406978463778
62,3,"['charli', 'mr', 'ralphi', 'aafrin', 'charli', 'evil', 'alblaschannel', 'cynthia', 'mr', 'cynthia']",53,4,"['charli', 'mr', 'ralphi', 'aafrin', 'charli', 'festiv', 'evil', 'alblaschannel', 'cynthia', 'mr']",0.866025403784
70,3,"['trainor', 'trainor', 'trainor‚Äô', 'meghan', 'trainor', 'identityfre', '2msell', 'britneylit', '‚Äúanthem‚Äù', 'identityfre']",97,171,"['pel√©', 'warcraft', 'toy', 'halloween', 'hathaway', 'lego', 'comic', 'wareheim', 'mcavoy', 'wright']",0.0883021571377
73,3,"['lebeau', 'lebeau', 'dalio', 'casablanca', 'brutalist', '1942', 'nazi', 'madelein', 'dalio‚Äô', 'strasser']",67,188,"['hatoum', 'barrow', 'thorp', 'mcdowel', 'hodgkin', 'fisk', 'grotto', 'kwouk', 'binchi', 'whicker']",0.0842151921067
74,3,"['cohen‚Äô', 'peach', 'cohen', 'geldofcohen', 'pianoassist', 'cohen‚Äô', 'solo', 'trite', 'scum', 'candour']",87,805,"['gingham', 'necklac', 'dada', 'dragon', 'stubbl', 'homer', 'trevelyan', 'kenzo', 'frodo', 'wed']",0.0406978463778
85,3,"['undercov', 'undercov', 'rayner', 'pitchford', 'inquiri', 'activist', 'offic', 'infiltr', 'undercov', 'polic']",58,680,"['mdb', 'fundrais', 'apprenticeship', 'saudi', 'prison', 'prison', 'fundrais', 'snowden', 'prison', 'disabl']",0.0221403721385
94,3,"['ladybird', 'ladybird', 'spoof', 'elia', 'emer', 'spicer‚Äô', 'smurthwaitele', 'morrislondon', 'isjason', 'peterandjanebas']",87,805,"['gingham', 'necklac', 'dada', 'dragon', 'stubbl', 'homer', 'trevelyan', 'kenzo', 'frodo', 'wed']",0.0406978463778
99,3,"['anohni', 'anohni', 'anohni', 'anohni‚Äô', 'hopeless', 'hopeless', 'drone', 'anohni‚Äô', 'hopeless', 'oneohtrix']",121,202,"['gal√°', 'spotifi', 'mustonen', 'punk', 'spotifi', 'skepta', 'prometheu', 'donen', 'andsn', 'ginsberg']",0.121866669555
121,3,"['chelsea', 'handler', 'talkshow', 'handler', 'chelsea', 'netflix', 'netflix', 'episod', 'trailer', 'chelsea']",97,171,"['pel√©', 'warcraft', 'toy', 'halloween', 'hathaway', 'lego', 'comic', 'wareheim', 'mcavoy', 'wright']",0.0441510785688
127,3,"['sonata', 'orchestr', 'fraser‚Äô', 'quintet', 'symphoni', 'sonata', 'quintet', 'violin', 'tiberghien‚Äô', 'k481']",121,202,"['gal√°', 'spotifi', 'mustonen', 'punk', 'spotifi', 'skepta', 'prometheu', 'donen', 'andsn', 'ginsberg']",0.0812444463702
138,3,"['redston', 'redston', 'herzer', 'dauman', 'viacom', 'redston', 'sumner', 'redstone‚Äô', 'herzer', 'redstone‚Äô']",5,3,"['redston', 'redston', 'herzer', 'dauman', 'viacom', 'redston', 'sumner', 'redstone‚Äô', 'herzer', 'redstone‚Äô']",1.0
140,3,"['bradi', 'bradi', 'gronkowski', 'brady‚Äô', 'olson', 'deflateg', 'bradi', 'appel', 'tomato', 'cookbook']",6,857,"['g', 'season', 'kooiman', 'temperley', 'pite', 'mourinho', 'knox', 'itoj', 'curri', 'warnock']",0.0197219095046
146,3,"['bench', 'gallen', 'nsw', 'nsw', 'maroon', 'blue', 'reynold', 'daley', 'queensland', 'select']",6,857,"['g', 'season', 'kooiman', 'temperley', 'pite', 'mourinho', 'knox', 'itoj', 'curri', 'warnock']",0.0591657285138
151,3,"['sleepwalk', 'sleepwalk', 'somnambul', 'somnambul', 'bed', 'sleepwalk', 'offic', '‚Äúoffic', 'dare', 'noctambul']",13,458,"['ridsdal', 'curfew', 'bundi', 'uae', 'ghomeshi', 'wolverin', 'ratner', 'freita', 'bah√°‚Äô√≠', 'lupidi']",0.0539556127885
162,3,"['yosemit', 'watkin', 'watkins‚Äô', 'yosemit', 'park', 'tourist', 'park', 'pennsylvania', 'delawar', 'nation']",39,30,"['lamprey', 'leopard', 'crocodil', 'mascara', 'aruba', 'abv', 'cleethorp', 'cabin', 'nile', 'crocodil']",0.105409255339
188,3,"['faulkner', 'faulkner', 'whittington', 'ferguson', '60', 'megalogeni', 'kidnap', 'nine‚Äô', 'minut', 'beirut']",99,263,"['homeless', 'palmer', 'sharia', 'refuge', 'tax', 'refuge', 'guthri', 'wage', 'agedcar', 'seat']",0.0356009427254
192,3,"['kramnik', 'karjakin', 'howel', 'b7', 'svidler', 'carlsen', 'nxd4', 'be3', 'chess', 'karjakin']",20,4,"['kramnik', 'guildford', 'karjakin', 'cheddleton', 'howel', 'b7', 'svidler', 'carlsen', 'chess', 'nxd4']",0.866025403784
210,3,"['quantum', 'comput', 'comput', 'quantum', 'docubyteink', 'cricket', 'dwave', 'machin', 'experi', 'ball']",70,125,"['tyre', 'crm', 'cv', 'data', 'adblock', 'hyperloop', 'quantum', 'tampon', 'export', 'morag']",0.0516397779494
220,3,"['wap', 'wap', 'wap‚Äô', 'trap', 'fetti', 'wap', 'gaiman‚Äô', 'wap‚Äô', 'stillman', 'hi']",87,805,"['gingham', 'necklac', 'dada', 'dragon', 'stubbl', 'homer', 'trevelyan', 'kenzo', 'frodo', 'wed']",0.0406978463778
0,2,"['selbi', 'ding', 'snooker', 'selbi', 'ding', 'snooker', 'championship', 'frame', 'ferguson', 'championship']",6,857,"['g', 'season', 'kooiman', 'temperley', 'pite', 'mourinho', 'knox', 'itoj', 'curri', 'warnock']",0.0483086150396
1,2,"['slater‚Äô', 'skinner‚Äô', 'box', 'monkey', 'experi', 'slater‚Äô', 'garbl', 'playhous', 'slater', 'dummi']",87,805,"['gingham', 'necklac', 'dada', 'dragon', 'stubbl', 'homer', 'trevelyan', 'kenzo', 'frodo', 'wed']",0.0498444786279
3,2,"['diski', 'st', 'diski‚Äô', 'letchworth', 'c‚Äô', 'diski', 'christopher‚Äô', 'indisciplin', 'francis‚Äô', 'enviou']",87,805,"['gingham', 'necklac', 'dada', 'dragon', 'stubbl', 'homer', 'trevelyan', 'kenzo', 'frodo', 'wed']",0.0498444786279
7,2,"['woodward', 'woodward', 'vendor', 'neighborhood', 'fruit', 'invoca', 'apolog', 'fruit', 'comment', 'ceo']",104,76,"['gchq', 'lyst', 'app', 'instagram', 'mulkentin', 'm√∏ller', 'browser', 'tech', 'thiel', 'kadyrov']",0.162221421131
10,2,"['wambach', 'softbal', 'espn', 'soccer', 'abbott', 'athlet', 'earn', 'contract', 'sport', 'schill']",0,4,"['3x3', '3x3', '3x3', '3x3', 'grid', 'grid', 'grid', 'grid', 'puzzl', 'puzzl']",0.0
12,2,"['lyf', 'roberts‚Äô', 'wu', 'hoorn', 'luh', 'robert', 'guitar', 'hoorn‚Äô', 'artistgirlfriend', 'gothrock']",121,202,"['gal√°', 'spotifi', 'mustonen', 'punk', 'spotifi', 'skepta', 'prometheu', 'donen', 'andsn', 'ginsberg']",0.099503719021
13,2,"['gael', 'fianna', 'gael', 'f√°il', 'f√°il', 'fine', 'kenni', 'fianna', 'd√°il', 'seat']",0,4,"['3x3', '3x3', '3x3', '3x3', 'grid', 'grid', 'grid', 'grid', 'puzzl', 'puzzl']",0.0
14,2,"['garrett', 'garrett', 'midnight', 'oil', 'midnight', 'band', 'oil', 'peter', 'band', 'australian']",121,202,"['gal√°', 'spotifi', 'mustonen', 'punk', 'spotifi', 'skepta', 'prometheu', 'donen', 'andsn', 'ginsberg']",0.0497518595105
15,2,"['vienna', 'western', 'crawford', 'johnni', 'railroad', 'postwar', 'crawford', 'film', 'guitar', 'johnni']",87,805,"['gingham', 'necklac', 'dada', 'dragon', 'stubbl', 'homer', 'trevelyan', 'kenzo', 'frodo', 'wed']",0.0498444786279
16,2,"['necklac', 'necklac', 'cb', 'marcella', 'dian', 'rita', 'satc', 'selfi', 'macbook', 'ora']",87,805,"['gingham', 'necklac', 'dada', 'dragon', 'stubbl', 'homer', 'trevelyan', 'kenzo', 'frodo', 'wed']",0.0498444786279
17,2,"['nightclub', 'club', 'nightlif', 'nightclub', 'night', 'club', 'jojo‚Äô', 'dj', 'tinder', 'madam']",73,711,"['vegan', 'potti', 'tattoo', 'alix', 'rat', 'valentino', 'chat', 'antonia', 'therapist', 'throne']",0.0265185761392
18,2,"['astrolog', 'strunckel', 'astrolog', 'von', 'toper', 'mystic', 'cainer', 'stargaz', 'meg', 'newspap']",87,805,"['gingham', 'necklac', 'dada', 'dragon', 'stubbl', 'homer', 'trevelyan', 'kenzo', 'frodo', 'wed']",0.024922239314
20,2,"['chianti', 'giro', 'chianti', 'ride', 'tuscan', 'florenc', 'classico', 'dario', 'tuscani', 'radda']",0,4,"['3x3', '3x3', '3x3', '3x3', 'grid', 'grid', 'grid', 'grid', 'puzzl', 'puzzl']",0.0
21,2,"['meg', 'meg', 'jon', 'singleday', 'jon', 'sweet', 'conceit', 'novel', 'seriou', 'kennedy‚Äô']",87,805,"['gingham', 'necklac', 'dada', 'dragon', 'stubbl', 'homer', 'trevelyan', 'kenzo', 'frodo', 'wed']",0.0498444786279
22,2,"['levit', 'bach', 'levit', 'busoni', 'fantasia', 'recit', 'igor', 'music', 'oto', 'orazbayeva']",121,202,"['gal√°', 'spotifi', 'mustonen', 'punk', 'spotifi', 'skepta', 'prometheu', 'donen', 'andsn', 'ginsberg']",0.099503719021
23,2,"['movi', 'malick', 'malick', 'knight', 'angel', 'femal', 'knight', 'pictori', 'lo', 'terrenc']",87,805,"['gingham', 'necklac', 'dada', 'dragon', 'stubbl', 'homer', 'trevelyan', 'kenzo', 'frodo', 'wed']",0.0498444786279
24,2,"['seth', 'rogen', 'efron', 'seth', 'joke', 'zac', 'rogen', 'parentsversusstud', 'homophobic‚Äô', 'superbad']",87,805,"['gingham', 'necklac', 'dada', 'dragon', 'stubbl', 'homer', 'trevelyan', 'kenzo', 'frodo', 'wed']",0.024922239314
25,2,"['uilleann', 'piper', 'pipe', 'henderson', 'ballad', 'ulsterborn', 'uillean', 'jarlath', 'ainsli', 'lyall']",121,202,"['gal√°', 'spotifi', 'mustonen', 'punk', 'spotifi', 'skepta', 'prometheu', 'donen', 'andsn', 'ginsberg']",0.099503719021
27,2,"['rabih', 'kirsten', 'botton', 'rabih', 'marriag', 'love', 'kirsten‚Äô', 'botton‚Äô', 'love', 'marri']",73,711,"['vegan', 'potti', 'tattoo', 'alix', 'rat', 'valentino', 'chat', 'antonia', 'therapist', 'throne']",0.0265185761392
28,2,"['point', 'knowadd', 'alwaysadd', 'sometimesadd', 'neveradd', 'point', 'd', 'c', 'b', 'circular']",133,6,"['point', 'fashion', '10am11am', 'pure', 'knowadd', 'alwaysadd', 'sometimesadd', 'neveradd', 'pure', 'fashion']",0.57735026919
31,2,"['alyson', 'fco', 'diplomat', 'ambassador', 'wa', 'foreign', 'diplomat', 'report', 'oversea', 'amateurish']",67,188,"['hatoum', 'barrow', 'thorp', 'mcdowel', 'hodgkin', 'fisk', 'grotto', 'kwouk', 'binchi', 'whicker']",0.0515710623129
32,2,"['cent', 'tile', '5', 'tile', 'answer', '3', '3', 'e', 'circl', 'angl']",106,4,"['dot', 'cent', 'dot', 'line', 'hexagon', 'puzzl', 'math', 'tile', 'puzzl', '5']",0.707106781187
34,2,"['2c', 'shuna', '‚Ä¢', 'shuna', 'page', 'ryder', 'adapt', '6', 'marchmain', 'waugh‚Äô']",87,805,"['gingham', 'necklac', 'dada', 'dragon', 'stubbl', 'homer', 'trevelyan', 'kenzo', 'frodo', 'wed']",0.024922239314
35,2,"['berrigan', 'dan', 'dan', 'hi', 'daniel', 'prisoners‚Äô', 'prison', 'xxiii', 'downandout', 'apostol']",67,188,"['hatoum', 'barrow', 'thorp', 'mcdowel', 'hodgkin', 'fisk', 'grotto', 'kwouk', 'binchi', 'whicker']",0.103142124626
38,2,"['stilt', 'ostrich', 'stilt', 'breed', 'medmerri', 'blackwing', 'rose', 'suit', 'warden', 'bird']",73,711,"['vegan', 'potti', 'tattoo', 'alix', 'rat', 'valentino', 'chat', 'antonia', 'therapist', 'throne']",0.0265185761392
40,2,"['geofilt', 'snapchat', 'snapchat', 'filter', 'o‚Äômerri', 'corbyn', 'faceswap', 'ondemand', 'filter', 'wed']",87,805,"['gingham', 'necklac', 'dada', 'dragon', 'stubbl', 'homer', 'trevelyan', 'kenzo', 'frodo', 'wed']",0.024922239314
42,2,"['ross', 'axi', 'ross', 'suit', 'ap', 'star', 'ross‚Äô', 'ap‚Äô', 'lawsuit', 'polari']",73,711,"['vegan', 'potti', 'tattoo', 'alix', 'rat', 'valentino', 'chat', 'antonia', 'therapist', 'throne']",0.0265185761392
45,2,"['cassowari', 'snitti', 'psepholog', 'cassowari', 'snitti', 'vote', 'compass', 'australian', 'brought', 'everyth']",0,4,"['3x3', '3x3', '3x3', '3x3', 'grid', 'grid', 'grid', 'grid', 'puzzl', 'puzzl']",0.0
47,2,"['rester', 'l√©o', 'film', 'vertic', 'guiraudi', 'guiraudi', 'wag', 'mari', 'rester', 'jeanloui']",132,58,"['cannabi', 'binoch', 'prison', 'refn', 'farrow', 'drug', 'sarandon', 'prison', 'drug', 'cannabi']",0.0928476690885
48,2,"['kangaroo', 'v', '9pm', 'invictu', 'wildlif', 'hi', 'invictu', 'malick', 'kangaroo', 'malon']",27,28,"['9pm', 'deepcut', 'cruickshank', '9pm', '9pm', 'stauffenberg', '9pm', '9pm', 'biker', 'howlett']",0.267261241912
52,2,"['neill', 'wilderpeopl', 'neill', 'zealand', 'neill‚Äô', 'begbi', 'traynor', 'truste', 'dennison', 'hunt']",87,805,"['gingham', 'necklac', 'dada', 'dragon', 'stubbl', 'homer', 'trevelyan', 'kenzo', 'frodo', 'wed']",0.024922239314
53,2,"['warwick', 'scous', 'cilla', 'gaga', 'dionn', 'luckett', 'accent', 'warwick', 'warwick‚Äô', 'liverpool']",87,805,"['gingham', 'necklac', 'dada', 'dragon', 'stubbl', 'homer', 'trevelyan', 'kenzo', 'frodo', 'wed']",0.024922239314
54,2,"['osbourn', 'ozzi', 'osbourn', 'sharon', 'sharon', 'sober', 'sabbath', 'ozzi', 'relaps', 'alcohol']",105,30,"['osbourn', 'maduro', 'mujica', 'maduro', 'rousseff', 'sebag', 'romanov', 'montefior', 'maduro', 'rio']",0.129099444874
56,2,"['diarist', 'master', 'diari', 'master', 'diari', '‚Äúe', '148', 'discard', 'hi', 'notebook']",87,805,"['gingham', 'necklac', 'dada', 'dragon', 'stubbl', 'homer', 'trevelyan', 'kenzo', 'frodo', 'wed']",0.0498444786279
58,2,"['bitter', 'negroni', 'negroni', 'gin', 'bar', 'drink', 'campari', 'cocktail', 'tour', 'martini']",87,805,"['gingham', 'necklac', 'dada', 'dragon', 'stubbl', 'homer', 'trevelyan', 'kenzo', 'frodo', 'wed']",0.0498444786279
60,2,"['saulnier', 'saulnier', 'green', 'room', 'movi', 'film', 'darci', 'ruin', 'violenc', 'blue']",73,711,"['vegan', 'potti', 'tattoo', 'alix', 'rat', 'valentino', 'chat', 'antonia', 'therapist', 'throne']",0.0265185761392
61,2,"['fienn', 'fienn', 'liddel', 'chariot', 'lawrenc', 'liddel', 'eric', 'wa', 'liddell‚Äô', 'film']",73,711,"['vegan', 'potti', 'tattoo', 'alix', 'rat', 'valentino', 'chat', 'antonia', 'therapist', 'throne']",0.0265185761392
63,2,"['bailey', 'rae‚Äô', 'corinn', 'rae', 'caramel', 'native‚Äô', 'gemlik', 'hyperdigit', 'neosoul', 'rae‚Äô']",121,202,"['gal√°', 'spotifi', 'mustonen', 'punk', 'spotifi', 'skepta', 'prometheu', 'donen', 'andsn', 'ginsberg']",0.0497518595105
64,2,"['crouch', 'death', 'shakespeare‚Äô', 'death', 'petra', 'shakespearean', 'stage', 'kreiss', 'gagfest', 'directoradapt']",87,805,"['gingham', 'necklac', 'dada', 'dragon', 'stubbl', 'homer', 'trevelyan', 'kenzo', 'frodo', 'wed']",0.0498444786279
65,2,"['lanza‚Äô', 'lanza‚Äô', 'lanza', 'jessi', 'singerwriter‚Äô', 'vivica', 'postpubstep', 'morod', 'brasher', 'yoke']",121,202,"['gal√°', 'spotifi', 'mustonen', 'punk', 'spotifi', 'skepta', 'prometheu', 'donen', 'andsn', 'ginsberg']",0.0497518595105
66,2,"['kouyat', 'driscol', 'sekou', 'kora', 'yorkes', 'mendth', 'wama', 'kouyat', 'dreamier', 'driscol']",0,4,"['3x3', '3x3', '3x3', '3x3', 'grid', 'grid', 'grid', 'grid', 'puzzl', 'puzzl']",0.0
67,2,"['cymbelin', 'cymbelin', 'innogen', 'innogen', 'still‚Äô', 'belariu', 'cloten', 'word', 'bethan', 'abeysekera']",87,805,"['gingham', 'necklac', 'dada', 'dragon', 'stubbl', 'homer', 'trevelyan', 'kenzo', 'frodo', 'wed']",0.024922239314
69,2,"['maya', 'maya', 'scotsman', 'antwi', 'antwi', 'clem', 'undercov', '‚Ä¢', 'rudi', 'scotsman']",87,805,"['gingham', 'necklac', 'dada', 'dragon', 'stubbl', 'homer', 'trevelyan', 'kenzo', 'frodo', 'wed']",0.0498444786279
71,2,"['verb', 'culpa', 'mea', 'modal', 'modal', 'verb', 'auxiliari', 'latin', '‚Ä¢', 'fuzzi']",0,4,"['3x3', '3x3', '3x3', '3x3', 'grid', 'grid', 'grid', 'grid', 'puzzl', 'puzzl']",0.0
72,2,"['pool', 'breastfeed', 'breastfeed', 'feed', 'cow', 'hodgson', 'toilet', 'breastfe', 'breast', 'water']",73,711,"['vegan', 'potti', 'tattoo', 'alix', 'rat', 'valentino', 'chat', 'antonia', 'therapist', 'throne']",0.0265185761392
75,2,"['navajo', 'begay', 'geisler', 'ashlynn', 'navajo', 'abduct', 'tolani', 'girl‚Äô', 'nez', 'firstnet']",13,458,"['ridsdal', 'curfew', 'bundi', 'uae', 'ghomeshi', 'wolverin', 'ratner', 'freita', 'bah√°‚Äô√≠', 'lupidi']",0.0660818600455
77,2,"['poker', 'bloom', 'poker', 'molly‚Äô', 'sorkin‚Äô', 'sorkin', 'skier', 'chastain', 'affleck', 'dicaprio']",73,711,"['vegan', 'potti', 'tattoo', 'alix', 'rat', 'valentino', 'chat', 'antonia', 'therapist', 'throne']",0.0265185761392
82,2,"['lupidi', 'lupidi', 'evelyn', 'jasmin', 'kill', 'court', 'kill', 'refug', 'stab', 'weaver']",13,458,"['ridsdal', 'curfew', 'bundi', 'uae', 'ghomeshi', 'wolverin', 'ratner', 'freita', 'bah√°‚Äô√≠', 'lupidi']",0.0660818600455
87,2,"['palmer', 'qn', 'palmer', 'fti', 'queensland', 'clive', 'nickel', 'senat', 'liquid', 'refineri']",99,263,"['homeless', 'palmer', 'sharia', 'refuge', 'tax', 'refuge', 'guthri', 'wage', 'agedcar', 'seat']",0.0436020720197
88,2,"['mick', 'wolf', 'tv', 'creek', 'twist', 'australian', 'dunde', 'snowtown', 'episod', 'magician']",97,171,"['pel√©', 'warcraft', 'toy', 'halloween', 'hathaway', 'lego', 'comic', 'wareheim', 'mcavoy', 'wright']",0.108147614087
91,2,"['mitsubishi', 'mitsubishi', 'nissan', 'carmak', 'test', 'motor', 'scandal', 'mileag', 'suzuki', 'japanes']",79,383,"['invoic', 'bauer', 'soundcloud', 'barclay', 'mortgag', 'tobacco', 'solar', 'poverti', 'mortgag', 'gannett']",0.0361314686765
95,2,"['dunham', 'dunham', 'lenni', 'evil', 'dunham‚Äô', 'lena', 'dunham‚Äô', 'publish', 'girl', 'imprint']",87,805,"['gingham', 'necklac', 'dada', 'dragon', 'stubbl', 'homer', 'trevelyan', 'kenzo', 'frodo', 'wed']",0.024922239314
98,2,"['tarkovski', 'andrei', 'ivan‚Äô', 'tarkovsky‚Äô', 'filmmak', 'soviet', 'andrei', 'soul', 'parajanov', 'wajda']",67,188,"['hatoum', 'barrow', 'thorp', 'mcdowel', 'hodgkin', 'fisk', 'grotto', 'kwouk', 'binchi', 'whicker']",0.0515710623129
100,2,"['est', 'midseason', 'comedi', 'cb', 'cw', 'supergirl', '9pm', 'nci', 'abc', 'chicago']",97,171,"['pel√©', 'warcraft', 'toy', 'halloween', 'hathaway', 'lego', 'comic', 'wareheim', 'mcavoy', 'wright']",0.108147614087
101,2,"['anatom', 'bodi', 'dissect', 'venu', 'guy‚Äô', 'bodi', 'scienc', 'anatomi', 'cathedr', 'roman']",87,805,"['gingham', 'necklac', 'dada', 'dragon', 'stubbl', 'homer', 'trevelyan', 'kenzo', 'frodo', 'wed']",0.0498444786279
102,2,"['rick', 'riordan', 'riordan', 'oracl', 'apollo', 'apollo', 'rick', 'oracl', 'hidden', 'riordan‚Äô']",87,805,"['gingham', 'necklac', 'dada', 'dragon', 'stubbl', 'homer', 'trevelyan', 'kenzo', 'frodo', 'wed']",0.024922239314
103,2,"['boulez', 'boulez‚Äô', 'boulez', 'diotima', 'livr', 'eaux', 'quatuor', 'menuhin', 'soleil', 'movement']",121,202,"['gal√°', 'spotifi', 'mustonen', 'punk', 'spotifi', 'skepta', 'prometheu', 'donen', 'andsn', 'ginsberg']",0.099503719021
104,2,"['goat', 'thwait', 'goat', 'weed', 'cihanek', 'park', 'anim', 'prospect', 'homo', 'prosthet']",87,805,"['gingham', 'necklac', 'dada', 'dragon', 'stubbl', 'homer', 'trevelyan', 'kenzo', 'frodo', 'wed']",0.024922239314
105,2,"['dominican', 'haitian', 'govern', 'busi', 'haitian', 'republ', 'worker', 'develop', 'haiti', 'banana']",58,680,"['mdb', 'fundrais', 'apprenticeship', 'saudi', 'prison', 'prison', 'fundrais', 'snowden', 'prison', 'disabl']",0.0271163072273
106,2,"['gauntlet', 'subscrib', 'subscrib', 'fanci', 'youtub', 'goal', 'gopro', 'inoffthepost', 'kapugedera', 'thecorpor']",0,4,"['3x3', '3x3', '3x3', '3x3', 'grid', 'grid', 'grid', 'grid', 'puzzl', 'puzzl']",0.0
107,2,"['poppunk', 'poppunk', 'blink182', 'ewald', 'basebal', 'steady‚Äô', 'basebal', 'lukens‚Äô', 'ewald‚Äô', 'ewald']",87,805,"['gingham', 'necklac', 'dada', 'dragon', 'stubbl', 'homer', 'trevelyan', 'kenzo', 'frodo', 'wed']",0.0498444786279
108,2,"['statu', 'suffrag', 'seacol', 'statu', 'mari', 'commemor', 'christchurch', 'victoria', 'fellowship', 'squar']",0,4,"['3x3', '3x3', '3x3', '3x3', 'grid', 'grid', 'grid', 'grid', 'puzzl', 'puzzl']",0.0
109,2,"['album', 'jagwar', 'liss', 'mvula', 'fetti', 'fri', 'cohen‚Äô', 'roundhous', 'tue', 'mon']",121,202,"['gal√°', 'spotifi', 'mustonen', 'punk', 'spotifi', 'skepta', 'prometheu', 'donen', 'andsn', 'ginsberg']",0.0497518595105
110,2,"['i‚Äôd', 'grill', 'i‚Äôd', 'lunch', 'love', 'papaya', 'seafood', 'cook', 'sing', 'coconut']",73,711,"['vegan', 'potti', 'tattoo', 'alix', 'rat', 'valentino', 'chat', 'antonia', 'therapist', 'throne']",0.0530371522784
111,2,"['carib', 'wolv', 'wolf', 'selkirk', 'elk', 'entz', 'wolv', 'yellowston', 'woodland', 'herd']",0,4,"['3x3', '3x3', '3x3', '3x3', 'grid', 'grid', 'grid', 'grid', 'puzzl', 'puzzl']",0.0
113,2,"['cornish', 'cornish', 'languag', 'cornwal', 'cream', 'languag', 'maga', 'kernow', 'ice', 'kelly‚Äô']",0,4,"['3x3', '3x3', '3x3', '3x3', 'grid', 'grid', 'grid', 'grid', 'puzzl', 'puzzl']",0.0
116,2,"['arpaio', 'arpaio', 'darland', 'dog', 'sheriff', 'bestial', 'anim', 'sheriff', 'hi', 'sex']",59,16,"['butler', 'butler', 'arpaio', 'butler', 'butler', 'hellerstein', 'butler', 'butler', 'butler', 'butler']",0.176776695297
119,2,"['montreal', 'montreal', 'rue', 'bixi', 'poutin', 'bagel', 'cochon', 'bike', 'montroy', 'jazz']",56,113,"['huel', 'falafel', 'garden', 'turmer', 'garden', 'garden', 'miso', 'recip', 'egg', 'food']",0.0665190105238
120,2,"['crocodil', 'nile', 'crocodil', 'nile', 'florida', 'florida', 'allig', 'croc', 'everglad', 'krysko']",39,30,"['lamprey', 'leopard', 'crocodil', 'mascara', 'aruba', 'abv', 'cleethorp', 'cabin', 'nile', 'crocodil']",0.258198889747
126,2,"['conor', 'carney', 'band', 'conor', 'walshpeelo', 'sing', 'street', 'pop', 'brother', '‚Äúhappysad‚Äù']",87,805,"['gingham', 'necklac', 'dada', 'dragon', 'stubbl', 'homer', 'trevelyan', 'kenzo', 'frodo', 'wed']",0.0498444786279
128,2,"['leith', 'trainspot', 'spud', 'trainspot', 'edinburgh', 'renton', 'begbi', 'sequel', 'sick', 'welsh']",97,171,"['pel√©', 'warcraft', 'toy', 'halloween', 'hathaway', 'lego', 'comic', 'wareheim', 'mcavoy', 'wright']",0.0540738070436
129,2,"['machin', 'theatr', 'forster‚Äô', 'forster', 'gruber', 'theatr', 'machin', 'forster‚Äô', 'framework', 'ale']",87,805,"['gingham', 'necklac', 'dada', 'dragon', 'stubbl', 'homer', 'trevelyan', 'kenzo', 'frodo', 'wed']",0.024922239314
130,2,"['riseborough', 'riseborough', 'lewi', '‚Äúforgiveness‚Äù', 'nonemorepresbyterian', 'wibbl', 'poetryquot', 'tippex', 'heavenhelpu', '‚Äúpunishment‚Äù']",39,30,"['lamprey', 'leopard', 'crocodil', 'mascara', 'aruba', 'abv', 'cleethorp', 'cabin', 'nile', 'crocodil']",0.129099444874
131,2,"['elliot', 'brossard', 'lawther', 'cl√©ment', 'wander', 'buddyboycrush', 'stevenson', 'lawther', 'ture', 'elliot‚Äô']",87,805,"['gingham', 'necklac', 'dada', 'dragon', 'stubbl', 'homer', 'trevelyan', 'kenzo', 'frodo', 'wed']",0.0498444786279
132,2,"['shaw', 'philander', 'shaw', 'paramor', 'miller‚Äô', 'leonard', 'myerbennett', 'dorothea', 'miller', 'julia']",87,805,"['gingham', 'necklac', 'dada', 'dragon', 'stubbl', 'homer', 'trevelyan', 'kenzo', 'frodo', 'wed']",0.0498444786279
133,2,"['dancer', 'dancer', 'manen', 'van', 'den', 'solo', 'wouwer', 'pseudoritu', 'martialartistri', 'cacti']",87,805,"['gingham', 'necklac', 'dada', 'dragon', 'stubbl', 'homer', 'trevelyan', 'kenzo', 'frodo', 'wed']",0.0498444786279
134,2,"['anderson‚Äô', 'anderson‚Äô', 'dog', 'essayfilm', 'squeali', 'lolabel', 'documentary‚Äô', 'hypnosi', 'streamofconsci', 'melliflu']",87,805,"['gingham', 'necklac', 'dada', 'dragon', 'stubbl', 'homer', 'trevelyan', 'kenzo', 'frodo', 'wed']",0.0498444786279
135,2,"['chamber', 'richard', 'bantam', 'chicken', 'standardissu', 'heartwrench', 'fetid', 'badtemp', 'empath', 'paig']",87,805,"['gingham', 'necklac', 'dada', 'dragon', 'stubbl', 'homer', 'trevelyan', 'kenzo', 'frodo', 'wed']",0.0498444786279
136,2,"['maslin', 'mh17', 'mh17', 'norri', 'ukrain', 'ukrain', 'violet', 'missil', 'missil', 'dutch']",13,458,"['ridsdal', 'curfew', 'bundi', 'uae', 'ghomeshi', 'wolverin', 'ratner', 'freita', 'bah√°‚Äô√≠', 'lupidi']",0.0330409300228
143,2,"['ident', 'adamsdal', 'joke', 'hutchinson', 'scotsman', 'logan', 'british', 'englishman', 'joke', 'lloyd']",87,805,"['gingham', 'necklac', 'dada', 'dragon', 'stubbl', 'homer', 'trevelyan', 'kenzo', 'frodo', 'wed']",0.0498444786279
145,2,"['caterpillar', 'butterfli', 'hungri', 'caterpillar', 'orang', 'tip', 'artist', 'flower', 'carle‚Äô', 'rosegg']",73,711,"['vegan', 'potti', 'tattoo', 'alix', 'rat', 'valentino', 'chat', 'antonia', 'therapist', 'throne']",0.0265185761392
147,2,"['pomerantsev', 'alvi', 'pomerantsev‚Äô', 'pomerantsev‚Äô', 'ondaatj', 'poetri', 'clarke‚Äô', 'lawson', 'rural', 'nonfict']",67,188,"['hatoum', 'barrow', 'thorp', 'mcdowel', 'hodgkin', 'fisk', 'grotto', 'kwouk', 'binchi', 'whicker']",0.0515710623129
149,2,"['restaur', 'eat', 'restaur', 'takeaway', 'children', 'order', 'eat', 'eat‚Äô', 'young', 'extra']",56,113,"['huel', 'falafel', 'garden', 'turmer', 'garden', 'garden', 'miso', 'recip', 'egg', 'food']",0.0665190105238
153,2,"['cabo', 'verd', 'verd', 'compil', 'africa', 'music', 'synth', 'ces√°ria', '√©vora', 'farfisa']",0,4,"['3x3', '3x3', '3x3', '3x3', 'grid', 'grid', 'grid', 'grid', 'puzzl', 'puzzl']",0.0
154,2,"['vesuviu', 'volcano', 'erupt', 'erupt', 'etna', 'earthquak', 'helen', 'usg', 'wright', 'quak']",103,31,"['bear', 'vang', 'vieng', 'mcmurray', 'mcmurray', 'volcano', 'fort', 'hellishei√∞i', 'bomb', 'tyre']",0.127000127
163,2,"['lion', 'ferrada', 'ferrara', 'lion', 'zoo', 'zoo', 'tranquilis', 'dart', 'tranquilis', 'zookeep']",13,458,"['ridsdal', 'curfew', 'bundi', 'uae', 'ghomeshi', 'wolverin', 'ratner', 'freita', 'bah√°‚Äô√≠', 'lupidi']",0.0660818600455
165,2,"['neanderth', 'cave', 'dunhuang', 'stalagmit', 'cave', 'structur', 'wall', 'soressi', 'replica', 'mogao']",67,188,"['hatoum', 'barrow', 'thorp', 'mcdowel', 'hodgkin', 'fisk', 'grotto', 'kwouk', 'binchi', 'whicker']",0.0515710623129
166,2,"['sabl', 'sabl', 'edmond', 'grove', 'sherman', 'grove', 'edmond', 'niekerk', 'liberia', 'niekerk']",58,680,"['mdb', 'fundrais', 'apprenticeship', 'saudi', 'prison', 'prison', 'fundrais', 'snowden', 'prison', 'disabl']",0.0542326144547
167,2,"['neset', 'neset', 'danielsson', 'rollin', 'trio', 'lund', 'salm', 'danielsson', 'morten', 'mariu']",121,202,"['gal√°', 'spotifi', 'mustonen', 'punk', 'spotifi', 'skepta', 'prometheu', 'donen', 'andsn', 'ginsberg']",0.099503719021
169,2,"['soro', 'russian', 'russian', 'film', 'book', 'studio', '¬£300m', 'burn', 'hollywood', 'ministri']",58,680,"['mdb', 'fundrais', 'apprenticeship', 'saudi', 'prison', 'prison', 'fundrais', 'snowden', 'prison', 'disabl']",0.0271163072273
171,2,"['octopu', 'squid', 'octopus', 'cephalopod', 'gilland', 'cuttlefish', 'ozi', 'aquarium', 'ocean', 'humboldt']",90,232,"['hs2', 'reef', 'contrail', 'batteri', 'acidif', 'hyperloop', 'reef', 'flint', 'corbi', 'energi']",0.0464238345443
173,2,"['metheni', 'vu‚Äô', 'kin', '‚Üê‚Üí', 'metheni', 'vu', 'melod', 'trumpet', 'trio', 'drum']",121,202,"['gal√°', 'spotifi', 'mustonen', 'punk', 'spotifi', 'skepta', 'prometheu', 'donen', 'andsn', 'ginsberg']",0.099503719021
174,2,"['condor', 'condor', 'argentina', 'argentina', 'binstock', 'sentenc', 'militari', 'dictatorship', 'oper', 'zald√∫a']",13,458,"['ridsdal', 'curfew', 'bundi', 'uae', 'ghomeshi', 'wolverin', 'ratner', 'freita', 'bah√°‚Äô√≠', 'lupidi']",0.0660818600455
175,2,"['westerham', 'wrotham', 'oxt', 'min', 'leigh', 'mall', 'semi', 'gelato', 'chalkwel', 'west']",98,28,"['pollut', 'eastbourn', 'pollut', 'pollut', 'pollut', 'pollut', 'pollut', 'pollut', 'monitor', 'pollut']",0.267261241912
177,2,"['becket', 'relic', 'relic', 'becket', 'saint', 'becket‚Äô', 'canterburi', 'cathedr', 'maclehos', 'church']",29,2,"['becket', 'relic', 'relic', 'becket', 'saint', 'becket‚Äô', 'canterburi', 'cathedr', 'maclehos', 'church']",1.0
181,2,"['brew', 'breweri', 'schwaebl', 'beer', 'wadworth', 'breweri', 'brewpub', 'beer', 'ale', 'ahopalyps']",56,113,"['huel', 'falafel', 'garden', 'turmer', 'garden', 'garden', 'miso', 'recip', 'egg', 'food']",0.0665190105238
182,2,"['bmx', 'mirra', 'bmx', 'cte', 'mirra', 'mirra‚Äô', 'fraga', 'mirra‚Äô', 'cte', 'robinson']",73,711,"['vegan', 'potti', 'tattoo', 'alix', 'rat', 'valentino', 'chat', 'antonia', 'therapist', 'throne']",0.0265185761392
183,2,"['chemic', 'chemic', 'warhurst', 'packag', 'vinyl', 'product', 'chlorid', 'hormon', 'formaldehyd', 'asbesto']",8,2,"['chemic', 'chemic', 'warhurst', 'packag', 'vinyl', 'product', 'chlorid', 'hormon', 'formaldehyd', 'asbesto']",1.0
184,2,"['benralizumab', 'zs9', 'astrazeneca', 'astrazeneca', 'asthma', 'zs', 'letter', 'drug', 'fda', 'pharma']",81,76,"['antibiot', 'oxygen', 'mayweath', 'fistula', 'baka', 'mbsr', 'diabet', 'vertigo', 'transplant', 'mayweath']",0.0811107105654
185,2,"['o‚Äôfarrel', 'claudett', 'novel', 'o‚Äôfarrell‚Äô', 'o‚Äôfarrell‚Äô', 'daniel', 'o‚Äôfarrel', 'perspect', 'heatwav', 'claudett']",87,805,"['gingham', 'necklac', 'dada', 'dragon', 'stubbl', 'homer', 'trevelyan', 'kenzo', 'frodo', 'wed']",0.0498444786279
187,2,"['stauffenberg', 'nina', 'nina', 'flower', 'valentine‚Äô', '9pm', 'bbc2', 'sport', 'healey', 'tina']",27,28,"['9pm', 'deepcut', 'cruickshank', '9pm', '9pm', 'stauffenberg', '9pm', '9pm', 'biker', 'howlett']",0.267261241912
189,2,"['cafferkey', 'cafferkey', 'phe', 'ebola', 'nurs', 'ebola', 'heathrow', 'sierra', 'viru', 'mening']",13,458,"['ridsdal', 'curfew', 'bundi', 'uae', 'ghomeshi', 'wolverin', 'ratner', 'freita', 'bah√°‚Äô√≠', 'lupidi']",0.0330409300228
190,2,"['sunscreen', 'spf', '‚Äòonceaday‚Äô', 'soltan', 'protect', 'spf50', 'sunblock', 'spf30', 'sunscreen', 'tint']",24,2,"['sunscreen', 'assang', 'poitra', 'wikileak', 'appelbaum', 'spf', '‚Äòonceaday‚Äô', 'soltan', 'protect', 'spf30']",0.5
193,2,"['gonzaleztorr', '‚Äúuntitled‚Äù', 'gonzaleztorr', 'candi', 'ault', 'felix', 'artist', 'mirror', 'artist‚Äô', 'horn']",87,805,"['gingham', 'necklac', 'dada', 'dragon', 'stubbl', 'homer', 'trevelyan', 'kenzo', 'frodo', 'wed']",0.0498444786279
195,2,"['sow', 'grass', 'carrot', 'seed', 'bean', 'parsley', 'sow', 'yada', 'cow', 'varieti']",56,113,"['huel', 'falafel', 'garden', 'turmer', 'garden', 'garden', 'miso', 'recip', 'egg', 'food']",0.133038021048
196,2,"['wodehous', 'wodehous', 'rothschild', 'rothschild', 'bolling', 'prize', 'funni', 'prize', 'pg', 'everyman']",73,711,"['vegan', 'potti', 'tattoo', 'alix', 'rat', 'valentino', 'chat', 'antonia', 'therapist', 'throne']",0.0265185761392
197,2,"['tinniswood', 'georgian', 'tinniswood‚Äô', 'tinniswood', 'wa', 'hous', 'countri', 'lowther', 'hous', 'interwar']",87,805,"['gingham', 'necklac', 'dada', 'dragon', 'stubbl', 'homer', 'trevelyan', 'kenzo', 'frodo', 'wed']",0.0498444786279
199,2,"['glow', 'glow', 'foundat', 'primer', 'dior', 'maximis', 'lumin', 'teint', 'eclat', 'skin']",87,805,"['gingham', 'necklac', 'dada', 'dragon', 'stubbl', 'homer', 'trevelyan', 'kenzo', 'frodo', 'wed']",0.024922239314
200,2,"['eln', 'hern√°ndez', 'el', 'hern√°ndez', 'region', 'mundo', 'colombia', 'peac', 'colombia', 'kidnap']",127,2,"['wingfieldhay', 'eln', 'pyongyang', 'hern√°ndez', 'korea', 'expel', 'north', 'peac', 'colombia', 'hostag']",0.5
201,2,"['crankshaw', 'burgess', 'burgess', 'literari', 'observerburgess', 'prize', 'crankshaw‚Äô', 'maclean', 'observ', 'clockwork']",67,188,"['hatoum', 'barrow', 'thorp', 'mcdowel', 'hodgkin', 'fisk', 'grotto', 'kwouk', 'binchi', 'whicker']",0.0515710623129
202,2,"['mccann', 'mccann', 'catfish', 'oasi', 'catfish', 'bottlemen', 'soundcheck', 'catfish‚Äô', 'ride', '1975‚Äô']",87,805,"['gingham', 'necklac', 'dada', 'dragon', 'stubbl', 'homer', 'trevelyan', 'kenzo', 'frodo', 'wed']",0.0498444786279
203,2,"['madden', 'romeo‚Äô', 'juliet', 'mercutio', 'tybalt', 'jacobi', 'bambi', 'branagh', 'mercutio', 'torch']",87,805,"['gingham', 'necklac', 'dada', 'dragon', 'stubbl', 'homer', 'trevelyan', 'kenzo', 'frodo', 'wed']",0.0498444786279
204,2,"['springsteen', 'springsteen', 'springsteen‚Äô', 'tonight', 'song', 'springsteen‚Äô', 'band', '1982‚Äô', 'zandt', 'bruce']",87,805,"['gingham', 'necklac', 'dada', 'dragon', 'stubbl', 'homer', 'trevelyan', 'kenzo', 'frodo', 'wed']",0.0498444786279
205,2,"['thalissa', 'naylor‚Äô', 'hotten', 'hotten', 'naylor', 'teixeira', 'novel', 'waters‚Äô', 'drab', 'kay']",87,805,"['gingham', 'necklac', 'dada', 'dragon', 'stubbl', 'homer', 'trevelyan', 'kenzo', 'frodo', 'wed']",0.0498444786279
206,2,"['wagstaff', 'ada', 'dior', 'crucibl', 'evans‚Äô', 'wagstaff‚Äô', 'burt‚Äô', 'ada‚Äô', 'mr', 'dior']",87,805,"['gingham', 'necklac', 'dada', 'dragon', 'stubbl', 'homer', 'trevelyan', 'kenzo', 'frodo', 'wed']",0.0498444786279
208,2,"['haitian', 'haitian', 'cello', 'banjo', 'orlean', 'peze', 'ribot', 'chocol', 'mccalla', 'unmann']",121,202,"['gal√°', 'spotifi', 'mustonen', 'punk', 'spotifi', 'skepta', 'prometheu', 'donen', 'andsn', 'ginsberg']",0.099503719021
209,2,"['bach‚Äô', 'bach‚Äô', 'prelud', 'onetoapart', 'dancelik', 'instrument', 'continuo', 'mortensen', 'clavier√ºbung', 'nidaro']",0,4,"['3x3', '3x3', '3x3', '3x3', 'grid', 'grid', 'grid', 'grid', 'puzzl', 'puzzl']",0.0
212,2,"['walland', 'axel', 'walland', 'mankel', 'postwar', 'iplay', 'trouper', 'sir', 'kurt', 'branagh']",87,805,"['gingham', 'necklac', 'dada', 'dragon', 'stubbl', 'homer', 'trevelyan', 'kenzo', 'frodo', 'wed']",0.0498444786279
213,2,"['saviano', 'saviano', 'gomorrah', 'camorra', 'genni', 'mafia', 'gangster', 'ciro', 'said', 'manipul']",0,4,"['3x3', '3x3', '3x3', '3x3', 'grid', 'grid', 'grid', 'grid', 'puzzl', 'puzzl']",0.0
214,2,"['dejeanjon', 'dejeanjon', 'pelican', 'pelican', 'bryce', 'iowa', 'orlean', 'nichol', 'nba', '‚Äúbryce']",13,458,"['ridsdal', 'curfew', 'bundi', 'uae', 'ghomeshi', 'wolverin', 'ratner', 'freita', 'bah√°‚Äô√≠', 'lupidi']",0.0660818600455
217,2,"['versail', 'blagden', 'versail', 'loui', 'vlaho', 'wa', 'hi', 'mistress', 'sensual', 'sex']",87,805,"['gingham', 'necklac', 'dada', 'dragon', 'stubbl', 'homer', 'trevelyan', 'kenzo', 'frodo', 'wed']",0.0498444786279
219,2,"['skrillex', 'dienel', 'bieber', 'bieber', 'skrillex', 'tmz', 'sorri', 'dienel', 'spotifi', 'bell']",63,2,"['skrillex', 'dienel', 'bieber', 'bieber', 'skrillex', 'tmz', 'sorri', 'dienel', 'spotifi', 'bell']",1.0
221,2,"['autism', 'autism', 'amoako', 'ghana', 'mynott', 'sport', 'coach', 'ghanaian', 'say', 'commun']",58,680,"['mdb', 'fundrais', 'apprenticeship', 'saudi', 'prison', 'prison', 'fundrais', 'snowden', 'prison', 'disabl']",0.0271163072273
222,2,"['nightingal', 'nightingal', 'lee', 'bird', 'sam', 'hangland', 'listen', 'lee‚Äô', 'hear', 'dark']",73,711,"['vegan', 'potti', 'tattoo', 'alix', 'rat', 'valentino', 'chat', 'antonia', 'therapist', 'throne']",0.0265185761392
